
INSERT INTO  AreaType (AreaTypeID,AreaTypeName) VALUES ( 1,N'市区');
INSERT INTO  AreaType (AreaTypeID,AreaTypeName) VALUES ( 2,N'县区');
INSERT INTO  AreaType (AreaTypeID,AreaTypeName) VALUES ( 3,N'片区');


INSERT INTO  PowerCableLevel (VoltageLevelID,VoltageLevelName,VoltageValue,ShowColor) VALUES ( 1,N'220kV',220,N'#c00000');
INSERT INTO  PowerCableLevel (VoltageLevelID,VoltageLevelName,VoltageValue,ShowColor) VALUES ( 2,N'110kV',110,N'#f00000');
INSERT INTO  PowerCableLevel (VoltageLevelID,VoltageLevelName,VoltageValue,ShowColor) VALUES ( 3,N'35kV',35,N'#ffc000');
INSERT INTO  PowerCableLevel (VoltageLevelID,VoltageLevelName,VoltageValue,ShowColor) VALUES ( 4,N'10kV',10,N'#ffff00');
INSERT INTO  PowerCableLevel (VoltageLevelID,VoltageLevelName,VoltageValue,ShowColor) VALUES ( 5,N'6kV',6,N'#92d050');
INSERT INTO  PowerCableLevel (VoltageLevelID,VoltageLevelName,VoltageValue,ShowColor) VALUES ( 6,N'建设中',1000,N'#7030a0');


INSERT INTO  AcceptStatusType (AcceptStatusTypeID,AcceptStatusTypeName,ShowColor) VALUES ( 1,N'草稿状态',N'#E8E8D0');
INSERT INTO  AcceptStatusType (AcceptStatusTypeID,AcceptStatusTypeName,ShowColor) VALUES ( 2,N'待验状态',N'#D9B3B3');
INSERT INTO  AcceptStatusType (AcceptStatusTypeID,AcceptStatusTypeName,ShowColor) VALUES ( 3,N'验收计划中',N'#64A600');
INSERT INTO  AcceptStatusType (AcceptStatusTypeID,AcceptStatusTypeName,ShowColor) VALUES ( 4,N'验收中',N'#00AEAE');
INSERT INTO  AcceptStatusType (AcceptStatusTypeID,AcceptStatusTypeName,ShowColor) VALUES ( 5,N'审核状态',N'#01B468');
INSERT INTO  AcceptStatusType (AcceptStatusTypeID,AcceptStatusTypeName,ShowColor) VALUES ( 6,N'审核通过',N'#01B468');
INSERT INTO  AcceptStatusType (AcceptStatusTypeID,AcceptStatusTypeName,ShowColor) VALUES ( 7,N'审核通过,资料不全',N'#0FB468');
INSERT INTO   AcceptStatusType (AcceptStatusTypeID,AcceptStatusTypeName,ShowColor) VALUES ( 8,N'规划状态',N'#0FB468');


INSERT INTO  ArchivesFileType (ArchivesFileTypeID,ArchivesFileTypeName) VALUES ( 1,N'规划手续');
INSERT INTO  ArchivesFileType (ArchivesFileTypeID,ArchivesFileTypeName) VALUES ( 2,N'设计方案');
INSERT INTO  ArchivesFileType (ArchivesFileTypeID,ArchivesFileTypeName) VALUES ( 3,N'设计图纸');
INSERT INTO  ArchivesFileType (ArchivesFileTypeID,ArchivesFileTypeName) VALUES ( 4,N'施工单位资质');
INSERT INTO  ArchivesFileType (ArchivesFileTypeID,ArchivesFileTypeName) VALUES ( 5,N'验收通知单');
INSERT INTO  ArchivesFileType (ArchivesFileTypeID,ArchivesFileTypeName) VALUES ( 6,N'材料报告');
INSERT INTO  ArchivesFileType (ArchivesFileTypeID,ArchivesFileTypeName) VALUES ( 7,N'用户自建材料');
INSERT INTO  ArchivesFileType (ArchivesFileTypeID,ArchivesFileTypeName) VALUES ( 8,N'竣工图');


INSERT INTO  AssetBorderType (AssetBorderTypeID,AssetBorderTypeName) VALUES ( 1,N'用户计量装置下口电缆压接处');
INSERT INTO  AssetBorderType (AssetBorderTypeID,AssetBorderTypeName) VALUES ( 2,N'新设环网室负荷侧电缆压接处');
INSERT INTO  AssetBorderType (AssetBorderTypeID,AssetBorderTypeName) VALUES ( 3,N'未填写');


INSERT INTO  PathType (PathTypeID,PathTypeName) VALUES ( 1,N'变电');
INSERT INTO  PathType (PathTypeID,PathTypeName) VALUES ( 2,N'输电');
INSERT INTO  PathType (PathTypeID,PathTypeName) VALUES ( 3,N'配电');


INSERT INTO  CableAttachmentType (AttachmentTypeID,AttachmentTypeName) VALUES ( 1,N'本体');
INSERT INTO  CableAttachmentType (AttachmentTypeID,AttachmentTypeName) VALUES ( 2,N'接头');
INSERT INTO  CableAttachmentType (AttachmentTypeID,AttachmentTypeName) VALUES ( 3,N'终端');
INSERT INTO  CableAttachmentType (AttachmentTypeID,AttachmentTypeName) VALUES ( 4,N'接地箱');


INSERT INTO  AttachmentStatusType (AttachmentStatusTypeID,AttachmentStatusTypeName) VALUES ( 1,N'预占位');
INSERT INTO  AttachmentStatusType (AttachmentStatusTypeID,AttachmentStatusTypeName) VALUES ( 2,N'在运');
INSERT INTO  AttachmentStatusType (AttachmentStatusTypeID,AttachmentStatusTypeName) VALUES ( 3,N'停运');
INSERT INTO  AttachmentStatusType (AttachmentStatusTypeID,AttachmentStatusTypeName) VALUES ( 4,N'退运');


INSERT INTO  ExtinguisherType (ExtinguisherTypeID,ExtinguisherTypeName) VALUES ( 1,N'脉冲式');


INSERT INTO  FireWallStuffType (FireWallStuffTypeID,FireWallStuffTypeName) VALUES ( 1,N'刚性');
INSERT INTO  FireWallStuffType (FireWallStuffTypeID,FireWallStuffTypeName) VALUES ( 2,N'软性');


INSERT INTO  FireWallType (FireWallTypeID,FireWallTypeName) VALUES ( 1,N'单侧');
INSERT INTO  FireWallType (FireWallTypeID,FireWallTypeName) VALUES ( 2,N'双侧');


INSERT INTO  FlawType (FlawTypeID,FlawTypeName) VALUES ( 1,N'本体缺陷');
INSERT INTO  FlawType (FlawTypeID,FlawTypeName) VALUES ( 2,N'有水缺陷');
INSERT INTO  FlawType (FlawTypeID,FlawTypeName) VALUES ( 3,N'井底缺陷');
INSERT INTO  FlawType (FlawTypeID,FlawTypeName) VALUES ( 4,N'井盖破损');
INSERT INTO  FlawType (FlawTypeID,FlawTypeName) VALUES ( 5,N'有杂物');
INSERT INTO  FlawType (FlawTypeID,FlawTypeName) VALUES ( 6,N'其他');


INSERT INTO  FlawSourceType (FlawSourceTypeID,FlawSourceName) VALUES ( 1,N'现场巡视');
INSERT INTO  FlawSourceType (FlawSourceTypeID,FlawSourceName) VALUES ( 2,N'电力热线（95598）');
INSERT INTO  FlawSourceType (FlawSourceTypeID,FlawSourceName) VALUES ( 3,N'其他');


INSERT INTO  FlawLevelType (FlawLevelTypeID,FlawLevelTypeName) VALUES ( 1,N'一般缺陷');
INSERT INTO  FlawLevelType (FlawLevelTypeID,FlawLevelTypeName) VALUES ( 2,N'严重缺陷');
INSERT INTO  FlawLevelType (FlawLevelTypeID,FlawLevelTypeName) VALUES ( 3,N'危急缺陷');


INSERT INTO  FlawProcAcceptType (FlawProcAcceptTypeID,FlawProcAcceptTypeName) VALUES ( 1,N'已消缺');
INSERT INTO  FlawProcAcceptType (FlawProcAcceptTypeID,FlawProcAcceptTypeName) VALUES ( 2,N'未完全消缺');
INSERT INTO  FlawProcAcceptType (FlawProcAcceptTypeID,FlawProcAcceptTypeName) VALUES ( 3,N'未消缺');


INSERT INTO  FlawAduitStatus (FlawAduitStatusID,FlawAduitStatusName,ShowColor) VALUES ( 1,N'班长审核',N'#C00000');
INSERT INTO  FlawAduitStatus (FlawAduitStatusID,FlawAduitStatusName,ShowColor) VALUES ( 2,N'专责审核',N'#F00000');
INSERT INTO  FlawAduitStatus (FlawAduitStatusID,FlawAduitStatusName,ShowColor) VALUES ( 3,N'主任审核',N'#B7E837');
INSERT INTO  FlawAduitStatus (FlawAduitStatusID,FlawAduitStatusName,ShowColor) VALUES ( 4,N'暂不处理',N'#5FB5C0');
INSERT INTO  FlawAduitStatus (FlawAduitStatusID,FlawAduitStatusName,ShowColor) VALUES ( 5,N'不处理',N'#C4E3E7');
INSERT INTO  FlawAduitStatus (FlawAduitStatusID,FlawAduitStatusName,ShowColor) VALUES ( 6,N'处理',N'#F6F3B5');
INSERT INTO  FlawAduitStatus (FlawAduitStatusID,FlawAduitStatusName,ShowColor) VALUES ( 7,N'处理中',N'#D1C918');
INSERT INTO  FlawAduitStatus (FlawAduitStatusID,FlawAduitStatusName,ShowColor) VALUES ( 8,N'已消缺',N'#6FE83F');


INSERT INTO  FlawAduitWay (FlawAduitWayID,FlawAduitWayName) VALUES ( 1,N'暂不处理');
INSERT INTO  FlawAduitWay (FlawAduitWayID,FlawAduitWayName) VALUES ( 2,N'处理');
INSERT INTO  FlawAduitWay (FlawAduitWayID,FlawAduitWayName) VALUES ( 3,N'无需处理');
INSERT INTO  FlawAduitWay (FlawAduitWayID,FlawAduitWayName) VALUES ( 4,N'上报');


-- INSERT INTO  PhaseType (PhaseTypeID,PhaseTypeName,IsEarthPhase) VALUES ( 1,N'A',0);
-- INSERT INTO  PhaseType (PhaseTypeID,PhaseTypeName,IsEarthPhase) VALUES ( 2,N'B',0);
-- INSERT INTO  PhaseType (PhaseTypeID,PhaseTypeName,IsEarthPhase) VALUES ( 3,N'C',0);
-- INSERT INTO  PhaseType (PhaseTypeID,PhaseTypeName,IsEarthPhase) VALUES ( 4,N'GND',1);
-- INSERT INTO  PhaseType (PhaseTypeID,PhaseTypeName,IsEarthPhase) VALUES ( 5,N'配电',0);
INSERT INTO  PhaseType (PhaseTypeID,PhaseTypeName,IsEarthPhase,PhaseColor) VALUES ( 1,N'A',0,N'#0FB468');
INSERT INTO  PhaseType (PhaseTypeID,PhaseTypeName,IsEarthPhase,PhaseColor) VALUES ( 2,N'B',0,N'#0FB468');
INSERT INTO  PhaseType (PhaseTypeID,PhaseTypeName,IsEarthPhase,PhaseColor) VALUES ( 3,N'C',0,N'#0FB468');
INSERT INTO  PhaseType (PhaseTypeID,PhaseTypeName,IsEarthPhase,PhaseColor) VALUES ( 4,N'GND',1,N'#0FB468');
INSERT INTO  PhaseType (PhaseTypeID,PhaseTypeName,IsEarthPhase,PhaseColor) VALUES ( 5,N'配电',0,N'#0FB468');


INSERT INTO  ProjectType (ProjectTypeID,ProjectTypeName) VALUES ( 1,N'业扩工程');
INSERT INTO  ProjectType (ProjectTypeID,ProjectTypeName) VALUES ( 2,N'线路迁改');
INSERT INTO  ProjectType (ProjectTypeID,ProjectTypeName) VALUES ( 3,N'基建工程');
INSERT INTO  ProjectType (ProjectTypeID,ProjectTypeName) VALUES ( 4,N'小区配套');
INSERT INTO  ProjectType (ProjectTypeID,ProjectTypeName) VALUES ( 5,N'大修工程');
INSERT INTO  ProjectType (ProjectTypeID,ProjectTypeName) VALUES ( 6,N'技改工程');


INSERT INTO  RowTubeType (RowTubeTypeID,RowTubeTypeName,RowTubeDiameter) VALUES ( 1,N'100',0.100);
INSERT INTO  RowTubeType (RowTubeTypeID,RowTubeTypeName,RowTubeDiameter) VALUES ( 2,N'120',0.120);
INSERT INTO  RowTubeType (RowTubeTypeID,RowTubeTypeName,RowTubeDiameter) VALUES ( 3,N'125',0.125);
INSERT INTO  RowTubeType (RowTubeTypeID,RowTubeTypeName,RowTubeDiameter) VALUES ( 4,N'130',0.130);
INSERT INTO  RowTubeType (RowTubeTypeID,RowTubeTypeName,RowTubeDiameter) VALUES ( 5,N'135',0.135);
INSERT INTO  RowTubeType (RowTubeTypeID,RowTubeTypeName,RowTubeDiameter) VALUES ( 6,N'140',0.140);
INSERT INTO  RowTubeType (RowTubeTypeID,RowTubeTypeName,RowTubeDiameter) VALUES ( 7,N'145',0.145);
INSERT INTO  RowTubeType (RowTubeTypeID,RowTubeTypeName,RowTubeDiameter) VALUES ( 8,N'150',0.150);
INSERT INTO  RowTubeType (RowTubeTypeID,RowTubeTypeName,RowTubeDiameter) VALUES ( 9,N'155',0.155);
INSERT INTO  RowTubeType (RowTubeTypeID,RowTubeTypeName,RowTubeDiameter) VALUES ( 10,N'160',0.160);
INSERT INTO  RowTubeType (RowTubeTypeID,RowTubeTypeName,RowTubeDiameter) VALUES ( 11,N'165',0.165);
INSERT INTO  RowTubeType (RowTubeTypeID,RowTubeTypeName,RowTubeDiameter) VALUES ( 12,N'170',0.170);
INSERT INTO  RowTubeType (RowTubeTypeID,RowTubeTypeName,RowTubeDiameter) VALUES ( 13,N'175',0.175);
INSERT INTO  RowTubeType (RowTubeTypeID,RowTubeTypeName,RowTubeDiameter) VALUES ( 14,N'180',0.180);
INSERT INTO  RowTubeType (RowTubeTypeID,RowTubeTypeName,RowTubeDiameter) VALUES ( 15,N'200',0.200);
INSERT INTO  RowTubeType (RowTubeTypeID,RowTubeTypeName,RowTubeDiameter) VALUES ( 16,N'220',0.220);
INSERT INTO  RowTubeType (RowTubeTypeID,RowTubeTypeName,RowTubeDiameter) VALUES ( 17,N'240',0.240);
INSERT INTO  RowTubeType (RowTubeTypeID,RowTubeTypeName,RowTubeDiameter) VALUES ( 18,N'300',0.300);
INSERT INTO  RowTubeType (RowTubeTypeID,RowTubeTypeName,RowTubeDiameter) VALUES ( 19,N'185',0.185);


INSERT INTO  SafeBoxType (SafeBoxTypeID,SafeBoxTypeName) VALUES ( 1,N'玻璃钢');
INSERT INTO  SafeBoxType (SafeBoxTypeID,SafeBoxTypeName) VALUES ( 2,N'其它');


INSERT INTO  SafeEarthType (SafeEarthTypeID,SafeEarthTypeName) VALUES ( 1,N'交叉互联');
INSERT INTO  SafeEarthType (SafeEarthTypeID,SafeEarthTypeName) VALUES ( 2,N'一端直接接地一端保护接地');
INSERT INTO  SafeEarthType (SafeEarthTypeID,SafeEarthTypeName) VALUES ( 3,N'中间直接接地两端保护接地');


INSERT INTO  TeamType (TeamTypeID,TeamTypeName) VALUES ( 1,N'通道');
INSERT INTO  TeamType (TeamTypeID,TeamTypeName) VALUES ( 2,N'输电');
INSERT INTO  TeamType (TeamTypeID,TeamTypeName) VALUES ( 3,N'配电');


INSERT INTO  TaskStatusType (TaskStatusTypeID,TaskStatusTypeName) VALUES ( 1,N'计划');
INSERT INTO  TaskStatusType (TaskStatusTypeID,TaskStatusTypeName) VALUES ( 2,N'执行');
INSERT INTO  TaskStatusType (TaskStatusTypeID,TaskStatusTypeName) VALUES ( 3,N'结束');


INSERT INTO  TrestleStuffType (TrestleStuffTypeID,TrestleStuffTypeName) VALUES ( 1,N'玻璃钢');
INSERT INTO  TrestleStuffType (TrestleStuffTypeID,TrestleStuffTypeName) VALUES ( 2,N'铸铁');


INSERT INTO  TrestleDirectionType (TrestlePositionTypeID,TrestlePositionTypeName) VALUES ( 1,N'左侧支架');
INSERT INTO  TrestleDirectionType (TrestlePositionTypeID,TrestlePositionTypeName) VALUES ( 2,N'右侧支架');
INSERT INTO  TrestleDirectionType (TrestlePositionTypeID,TrestlePositionTypeName) VALUES ( 3,N'横跨支架');


INSERT INTO  TunnelStructureType (TunnelStructureTypeID,TunnelStructureTypeName,Prefix,ShowColor,LineWidth) VALUES ( 1,N'隧道',N'SD',N'#008000',1);
INSERT INTO  TunnelStructureType (TunnelStructureTypeID,TunnelStructureTypeName,Prefix) VALUES ( 2,N'顶管',N'DG');
INSERT INTO  TunnelStructureType (TunnelStructureTypeID,TunnelStructureTypeName,Prefix) VALUES ( 3,N'方沟',N'FG');
INSERT INTO  TunnelStructureType (TunnelStructureTypeID,TunnelStructureTypeName,Prefix) VALUES ( 4,N'沟槽',N'GC');
INSERT INTO  TunnelStructureType (TunnelStructureTypeID,TunnelStructureTypeName,Prefix) VALUES ( 5,N'排管',N'PG');
INSERT INTO  TunnelStructureType (TunnelStructureTypeID,TunnelStructureTypeName,Prefix) VALUES ( 6,N'拉管',N'LG');
INSERT INTO  TunnelStructureType (TunnelStructureTypeID,TunnelStructureTypeName,Prefix) VALUES ( 7,N'直埋',N'ZM');
INSERT INTO  TunnelStructureType (TunnelStructureTypeID,TunnelStructureTypeName,Prefix) VALUES ( 8,N'桥架',N'QJ');


INSERT INTO  TunnelStuffType (TunnelStuffTypeID,TunnelStructureTypeID,TunnelStuffTypeName) VALUES ( 1,1,N'砖砌');
INSERT INTO  TunnelStuffType (TunnelStuffTypeID,TunnelStructureTypeID,TunnelStuffTypeName) VALUES ( 2,1,N'锚喷');
INSERT INTO  TunnelStuffType (TunnelStuffTypeID,TunnelStructureTypeID,TunnelStuffTypeName) VALUES ( 3,2,N'玻璃钢');
INSERT INTO  TunnelStuffType (TunnelStuffTypeID,TunnelStructureTypeID,TunnelStuffTypeName) VALUES ( 4,2,N'混凝土');
INSERT INTO  TunnelStuffType (TunnelStuffTypeID,TunnelStructureTypeID,TunnelStuffTypeName) VALUES ( 5,3,N'锚喷');
INSERT INTO  TunnelStuffType (TunnelStuffTypeID,TunnelStructureTypeID,TunnelStuffTypeName) VALUES ( 6,3,N'砖砌');
INSERT INTO  TunnelStuffType (TunnelStuffTypeID,TunnelStructureTypeID,TunnelStuffTypeName) VALUES ( 7,3,N'模铸');
INSERT INTO  TunnelStuffType (TunnelStuffTypeID,TunnelStructureTypeID,TunnelStuffTypeName) VALUES ( 8,4,N'砖砌');
INSERT INTO  TunnelStuffType (TunnelStuffTypeID,TunnelStructureTypeID,TunnelStuffTypeName) VALUES ( 9,4,N'冲砂');
INSERT INTO  TunnelStuffType (TunnelStuffTypeID,TunnelStructureTypeID,TunnelStuffTypeName) VALUES ( 10,4,N'模铸');
INSERT INTO  TunnelStuffType (TunnelStuffTypeID,TunnelStructureTypeID,TunnelStuffTypeName) VALUES ( 11,5,N'钢管');
INSERT INTO  TunnelStuffType (TunnelStuffTypeID,TunnelStructureTypeID,TunnelStuffTypeName) VALUES ( 12,5,N'海泡石');
INSERT INTO  TunnelStuffType (TunnelStuffTypeID,TunnelStructureTypeID,TunnelStuffTypeName) VALUES ( 13,5,N'螺纹管');
INSERT INTO  TunnelStuffType (TunnelStuffTypeID,TunnelStructureTypeID,TunnelStuffTypeName) VALUES ( 14,5,N'mpp');
INSERT INTO  TunnelStuffType (TunnelStuffTypeID,TunnelStructureTypeID,TunnelStuffTypeName) VALUES ( 15,5,N'PE');
INSERT INTO  TunnelStuffType (TunnelStuffTypeID,TunnelStructureTypeID,TunnelStuffTypeName) VALUES ( 16,5,N'mpc');
INSERT INTO  TunnelStuffType (TunnelStuffTypeID,TunnelStructureTypeID,TunnelStuffTypeName) VALUES ( 17,5,N'玻璃钢');
INSERT INTO  TunnelStuffType (TunnelStuffTypeID,TunnelStructureTypeID,TunnelStuffTypeName) VALUES ( 18,6,N'钢管');
INSERT INTO  TunnelStuffType (TunnelStuffTypeID,TunnelStructureTypeID,TunnelStuffTypeName) VALUES ( 19,6,N'海泡石');
INSERT INTO  TunnelStuffType (TunnelStuffTypeID,TunnelStructureTypeID,TunnelStuffTypeName) VALUES ( 20,6,N'螺纹管');
INSERT INTO  TunnelStuffType (TunnelStuffTypeID,TunnelStructureTypeID,TunnelStuffTypeName) VALUES ( 21,6,N'mpp');
INSERT INTO  TunnelStuffType (TunnelStuffTypeID,TunnelStructureTypeID,TunnelStuffTypeName) VALUES ( 22,6,N'PE');
INSERT INTO  TunnelStuffType (TunnelStuffTypeID,TunnelStructureTypeID,TunnelStuffTypeName) VALUES ( 23,6,N'mpc');
INSERT INTO  TunnelStuffType (TunnelStuffTypeID,TunnelStructureTypeID,TunnelStuffTypeName) VALUES ( 24,7,N'钢管');
INSERT INTO  TunnelStuffType (TunnelStuffTypeID,TunnelStructureTypeID,TunnelStuffTypeName) VALUES ( 25,7,N'海泡石');
INSERT INTO  TunnelStuffType (TunnelStuffTypeID,TunnelStructureTypeID,TunnelStuffTypeName) VALUES ( 26,7,N'螺纹管');
INSERT INTO  TunnelStuffType (TunnelStuffTypeID,TunnelStructureTypeID,TunnelStuffTypeName) VALUES ( 27,7,N'mpp');
INSERT INTO  TunnelStuffType (TunnelStuffTypeID,TunnelStructureTypeID,TunnelStuffTypeName) VALUES ( 28,7,N'PE');
INSERT INTO  TunnelStuffType (TunnelStuffTypeID,TunnelStructureTypeID,TunnelStuffTypeName) VALUES ( 29,7,N'mpc');
INSERT INTO  TunnelStuffType (TunnelStuffTypeID,TunnelStructureTypeID,TunnelStuffTypeName) VALUES ( 30,8,N'铁');
INSERT INTO  TunnelStuffType (TunnelStuffTypeID,TunnelStructureTypeID,TunnelStuffTypeName) VALUES ( 31,1,N'模铸');
INSERT INTO  TunnelStuffType (TunnelStuffTypeID,TunnelStructureTypeID,TunnelStuffTypeName) VALUES ( 32,1,N'双衬隧道');
INSERT INTO  TunnelStuffType (TunnelStuffTypeID,TunnelStructureTypeID,TunnelStuffTypeName) VALUES ( 33,3,N'方孔');
INSERT INTO  TunnelStuffType (TunnelStuffTypeID,TunnelStructureTypeID,TunnelStuffTypeName) VALUES ( 34,5,N'穿墙孔');


INSERT INTO  TunnelShapeType (TunnelShapeTypeID,TunnelShapeTypeName) VALUES ( 1,N'马蹄形');
INSERT INTO  TunnelShapeType (TunnelShapeTypeID,TunnelShapeTypeName) VALUES ( 2,N'圆形');
INSERT INTO  TunnelShapeType (TunnelShapeTypeID,TunnelShapeTypeName) VALUES ( 3,N'方形');


INSERT INTO  TunnleTowardType (TunnleTowardTypeID,TunnleTowardTypeName) VALUES ( 1,N'东');
INSERT INTO  TunnleTowardType (TunnleTowardTypeID,TunnleTowardTypeName) VALUES ( 2,N'南');
INSERT INTO  TunnleTowardType (TunnleTowardTypeID,TunnleTowardTypeName) VALUES ( 3,N'西');
INSERT INTO  TunnleTowardType (TunnleTowardTypeID,TunnleTowardTypeName) VALUES ( 4,N'北');


INSERT INTO  CompanyType (CompanyTypeID,CompanyTypeName) VALUES ( 1,N'监理单位');
INSERT INTO  CompanyType (CompanyTypeID,CompanyTypeName) VALUES ( 2,N'施工单位');
INSERT INTO  CompanyType (CompanyTypeID,CompanyTypeName) VALUES ( 3,N'生产厂家');
INSERT INTO  CompanyType (CompanyTypeID,CompanyTypeName) VALUES ( 4,N'电缆厂家');
INSERT INTO  CompanyType (CompanyTypeID,CompanyTypeName) VALUES ( 5,N'电缆附件厂家');


INSERT INTO  ManholeCoverType (ManholeCoverTypeID,ManholeCoverTypeName) VALUES ( 1,N'井盖');
INSERT INTO  ManholeCoverType (ManholeCoverTypeID,ManholeCoverTypeName) VALUES ( 2,N'风楼');
INSERT INTO  ManholeCoverType (ManholeCoverTypeID,ManholeCoverTypeName) VALUES ( 3,N'虚拟井');


INSERT INTO  CoverStuffType (CoverStuffTypeID,ManholeCoverTypeID,CoverStuffTypeName) VALUES ( 1,1,N'水泥双层');
INSERT INTO  CoverStuffType (CoverStuffTypeID,ManholeCoverTypeID,CoverStuffTypeName) VALUES ( 2,1,N'衡水永固');
INSERT INTO  CoverStuffType (CoverStuffTypeID,ManholeCoverTypeID,CoverStuffTypeName) VALUES ( 3,1,N'球墨铸铁');
INSERT INTO  CoverStuffType (CoverStuffTypeID,ManholeCoverTypeID,CoverStuffTypeName) VALUES ( 4,1,N'其他');
INSERT INTO  CoverStuffType (CoverStuffTypeID,ManholeCoverTypeID,CoverStuffTypeName) VALUES ( 5,1,N'电字');
INSERT INTO  CoverStuffType (CoverStuffTypeID,ManholeCoverTypeID,CoverStuffTypeName) VALUES ( 6,1,N'复合井盖');
INSERT INTO  CoverStuffType (CoverStuffTypeID,ManholeCoverTypeID,CoverStuffTypeName) VALUES ( 7,1,N'灵寿永胜');


INSERT INTO  CoverShapeType (CoverShapeTypeID,CoverShapeTypeName) VALUES ( 1,N'圆形');
INSERT INTO  CoverShapeType (CoverShapeTypeID,CoverShapeTypeName) VALUES ( 2,N'方形');


INSERT INTO  DoorStuffType (DoorStuffTypeID,DoorStuffTypeName) VALUES ( 1,N'防火板');
INSERT INTO  DoorStuffType (DoorStuffTypeID,DoorStuffTypeName) VALUES ( 2,N'不锈钢');


INSERT INTO  FaultIndicatorType (FaultIndicatorTypeID,FaultIndicatorTypeName) VALUES ( 1,N'短路故障指示器');
INSERT INTO  FaultIndicatorType (FaultIndicatorTypeID,FaultIndicatorTypeName) VALUES ( 2,N'配电在线监测');
INSERT INTO  FaultIndicatorType (FaultIndicatorTypeID,FaultIndicatorTypeName) VALUES ( 3,N'短路接地故障指示器');


INSERT INTO  ManholeType (ManholeTypeID,ManholeTypeName) VALUES ( 1,N'电缆井');
INSERT INTO  ManholeType (ManholeTypeID,ManholeTypeName) VALUES ( 2,N'虚拟井');
INSERT INTO  ManholeType (ManholeTypeID,ManholeTypeName) VALUES ( 3,N'变电站出线井');
INSERT INTO  ManholeType (ManholeTypeID,ManholeTypeName) VALUES ( 4,N'终端设施');


INSERT INTO  ManholeKindType (ManholeKindTypeID,ManholeTypeID,ManholeKindTypeName,LayerIcon) VALUES ( 1,1,N'直线井',N'直线井');
INSERT INTO  ManholeKindType (ManholeKindTypeID,ManholeTypeID,ManholeKindTypeName,LayerIcon) VALUES ( 2,1,N'转角井',N'转角井');
INSERT INTO  ManholeKindType (ManholeKindTypeID,ManholeTypeID,ManholeKindTypeName,LayerIcon) VALUES ( 3,1,N'三通井',N'三通井');
INSERT INTO  ManholeKindType (ManholeKindTypeID,ManholeTypeID,ManholeKindTypeName,LayerIcon) VALUES ( 4,1,N'四通井',N'四通井');
INSERT INTO  ManholeKindType (ManholeKindTypeID,ManholeTypeID,ManholeKindTypeName,LayerIcon) VALUES ( 5,1,N'五通井',N'五通井');
INSERT INTO  ManholeKindType (ManholeKindTypeID,ManholeTypeID,ManholeKindTypeName,LayerIcon) VALUES ( 6,1,N'六通井',N'六通井');
INSERT INTO  ManholeKindType (ManholeKindTypeID,ManholeTypeID,ManholeKindTypeName,LayerIcon) VALUES ( 7,1,N'暗井',N'十字叉');
INSERT INTO  ManholeKindType (ManholeKindTypeID,ManholeTypeID,ManholeKindTypeName,LayerIcon) VALUES ( 8,1,N'风楼',N'风楼');
INSERT INTO  ManholeKindType (ManholeKindTypeID,ManholeTypeID,ManholeKindTypeName,LayerIcon) VALUES ( 9,1,N'通风口',N'通风口');
INSERT INTO  ManholeKindType (ManholeKindTypeID,ManholeTypeID,ManholeKindTypeName,LayerIcon) VALUES ( 10,3,N'站内出线井',N'站内出线井');
INSERT INTO  ManholeKindType (ManholeKindTypeID,ManholeTypeID,ManholeKindTypeName,LayerIcon) VALUES ( 11,2,N'支架变动井',N'支架变动井');
INSERT INTO  ManholeKindType (ManholeKindTypeID,ManholeTypeID,ManholeKindTypeName,LayerIcon) VALUES ( 12,2,N'墙壁出线井',N'墙壁出线井');
INSERT INTO  ManholeKindType (ManholeKindTypeID,ManholeTypeID,ManholeKindTypeName,LayerIcon) VALUES ( 13,2,N'电缆虚拟井',N'电缆虚拟井');
INSERT INTO  ManholeKindType (ManholeKindTypeID,ManholeTypeID,ManholeKindTypeName,LayerIcon) VALUES ( 14,2,N'虚拟井',N'虚拟井');
INSERT INTO  ManholeKindType (ManholeKindTypeID,ManholeTypeID,ManholeKindTypeName,LayerIcon) VALUES ( 15,4,N'分接箱',N'分接箱');
INSERT INTO  ManholeKindType (ManholeKindTypeID,ManholeTypeID,ManholeKindTypeName,LayerIcon) VALUES ( 16,4,N'开闭所',N'开闭所');
INSERT INTO  ManholeKindType (ManholeKindTypeID,ManholeTypeID,ManholeKindTypeName,LayerIcon) VALUES ( 17,4,N'杆塔',N'杆塔');
INSERT INTO  ManholeKindType (ManholeKindTypeID,ManholeTypeID,ManholeKindTypeName,LayerIcon) VALUES ( 18,4,N'箱变',N'箱变');
INSERT INTO  ManholeKindType (ManholeKindTypeID,ManholeTypeID,ManholeKindTypeName,LayerIcon) VALUES ( 19,4,N'配电室',N'配电室');
INSERT INTO  ManholeKindType (ManholeKindTypeID,ManholeTypeID,ManholeKindTypeName,LayerIcon) VALUES ( 20,4,N'户外高压计量箱',N'户外高压计量箱');
INSERT INTO  ManholeKindType (ManholeKindTypeID,ManholeTypeID,ManholeKindTypeName,LayerIcon) VALUES ( 21,4,N'T接头',N'T接头');
INSERT INTO  ManholeKindType (ManholeKindTypeID,ManholeTypeID,ManholeKindTypeName,LayerIcon) VALUES ( 22,4,N'变电站',N'变电站');

-- if exists (select * from sysobjects where id = OBJECT_ID('ManholeStuffType'); and OBJECTPROPERTY(id, 'IsUserTable'); = 1) 
-- DROP TABLE ManholeStuffType

-- CREATE TABLE ManholeStuffType (
-- ManholeStuffTypeID int  NOT NULL,
-- ManholeStuffTypeName varchar  (32) NULL)

-- ALTER TABLE ManholeStuffType WITH NOCHECK ADD  CONSTRAINT PK_ManholeStuffType PRIMARY KEY  NONCLUSTERED ( ManholeStuffTypeID )


INSERT INTO  ManholeShapeType (ManholeShapeTypeID,ManholeShapeTypeName) VALUES ( 1,N'圆形');
INSERT INTO  ManholeShapeType (ManholeShapeTypeID,ManholeShapeTypeName) VALUES ( 2,N'方形');


INSERT INTO  PathArchivesFileType (ArchivesFileTypeID,ArchivesFileTypeName) VALUES ( 1,N'设计文档');
INSERT INTO  PathArchivesFileType (ArchivesFileTypeID,ArchivesFileTypeName) VALUES ( 2,N'供电方案');
INSERT INTO  PathArchivesFileType (ArchivesFileTypeID,ArchivesFileTypeName) VALUES ( 3,N'竣工资料及竣工图');
INSERT INTO  PathArchivesFileType (ArchivesFileTypeID,ArchivesFileTypeName) VALUES ( 4,N'工作票两卡及停电申请票变更票');
INSERT INTO  PathArchivesFileType (ArchivesFileTypeID,ArchivesFileTypeName) VALUES ( 5,N'施工现场影像资料');
INSERT INTO  PathArchivesFileType (ArchivesFileTypeID,ArchivesFileTypeName) VALUES ( 6,N'交接试验报告');
INSERT INTO  PathArchivesFileType (ArchivesFileTypeID,ArchivesFileTypeName) VALUES ( 7,N'其它');

-- if exists (select * from sysobjects where id = OBJECT_ID('OperationType'); and OBJECTPROPERTY(id, 'IsUserTable'); = 1) 
-- DROP TABLE OperationType

-- CREATE TABLE OperationType (
-- TypeID int  NOT NULL,
-- TypeName varchar  (16) NOT NULL)

-- ALTER TABLE OperationType WITH NOCHECK ADD  CONSTRAINT PK_OperationType PRIMARY KEY  NONCLUSTERED ( TypeID )


INSERT INTO  TrestleTypeInfo (TrestleTypeInfoID,TrestleTypeInfoName) VALUES ( 1,N'丰字支架');
INSERT INTO  TrestleTypeInfo (TrestleTypeInfoID,TrestleTypeInfoName) VALUES ( 2,N'金属单侧');
INSERT INTO  TrestleTypeInfo (TrestleTypeInfoID,TrestleTypeInfoName) VALUES ( 3,N'金属双侧');
INSERT INTO  TrestleTypeInfo (TrestleTypeInfoID,TrestleTypeInfoName) VALUES ( 4,N'其他');


INSERT INTO  Area (AreaNum,AreaTypeID,AreaName) VALUES ( 1,1,N'桥东区');
INSERT INTO  Area (AreaNum,AreaTypeID,AreaName) VALUES ( 2,1,N'桥西区');
INSERT INTO  Area (AreaNum,AreaTypeID,AreaName) VALUES ( 3,1,N'新华区');
INSERT INTO  Area (AreaNum,AreaTypeID,AreaName) VALUES ( 4,1,N'长安区');
INSERT INTO  Area (AreaNum,AreaTypeID,AreaName) VALUES ( 5,1,N'裕华区');
INSERT INTO  Area (AreaNum,AreaTypeID,AreaName) VALUES ( 6,1,N'井陉矿区');
INSERT INTO  Area (AreaNum,AreaTypeID,AreaName) VALUES ( 7,1,N'开发区');
INSERT INTO  Area (AreaNum,AreaTypeID,AreaName) VALUES ( 8,1,N'正定新区');
INSERT INTO  Area (AreaNum,AreaTypeID,AreaName) VALUES ( 9,2,N'市区');
INSERT INTO  Area (AreaNum,AreaTypeID,AreaName) VALUES ( 10,2,N'鹿泉市');
INSERT INTO  Area (AreaNum,AreaTypeID,AreaName) VALUES ( 11,2,N'藁城');
INSERT INTO  Area (AreaNum,AreaTypeID,AreaName) VALUES ( 12,2,N'栾城');
INSERT INTO  Area (AreaNum,AreaTypeID,AreaName) VALUES ( 13,2,N'正定');
INSERT INTO  Area (AreaNum,AreaTypeID,AreaName) VALUES ( 14,2,N'辛集');
INSERT INTO  Area (AreaNum,AreaTypeID,AreaName) VALUES ( 15,2,N'井陉');
INSERT INTO  Area (AreaNum,AreaTypeID,AreaName) VALUES ( 16,2,N'新乐');
INSERT INTO  Area (AreaNum,AreaTypeID,AreaName) VALUES ( 17,2,N'元氏');
INSERT INTO  Area (AreaNum,AreaTypeID,AreaName) VALUES ( 18,3,N'西1');
INSERT INTO  Area (AreaNum,AreaTypeID,AreaName) VALUES ( 19,3,N'西2');
INSERT INTO  Area (AreaNum,AreaTypeID,AreaName) VALUES ( 20,3,N'西3');
INSERT INTO  Area (AreaNum,AreaTypeID,AreaName) VALUES ( 21,3,N'西4');
INSERT INTO  Area (AreaNum,AreaTypeID,AreaName) VALUES ( 22,3,N'西5');
INSERT INTO  Area (AreaNum,AreaTypeID,AreaName) VALUES ( 23,3,N'东1');
INSERT INTO  Area (AreaNum,AreaTypeID,AreaName) VALUES ( 24,3,N'东2');
INSERT INTO  Area (AreaNum,AreaTypeID,AreaName) VALUES ( 25,3,N'东3');
INSERT INTO  Area (AreaNum,AreaTypeID,AreaName) VALUES ( 26,3,N'东4');
INSERT INTO  Area (AreaNum,AreaTypeID,AreaName) VALUES ( 27,3,N'东5');
INSERT INTO  Area (AreaNum,AreaTypeID,AreaName) VALUES ( 28,3,N'东6');
INSERT INTO  Area (AreaNum,AreaTypeID,AreaName) VALUES ( 29,3,N'未填写');


INSERT INTO  PowerLevelTunnelColor (LevelTunnelNum,VoltageLevelID,TunnelStructureTypeID,LevelTunnelName,ShowColor,LineWidth) VALUES ( 1,1,1,N'隧道220kV',N'#C00000',3);
INSERT INTO  PowerLevelTunnelColor (LevelTunnelNum,VoltageLevelID,TunnelStructureTypeID,LevelTunnelName,ShowColor,LineWidth) VALUES ( 2,1,2,N'顶管220kV',N'#a52a2a',2);
INSERT INTO  PowerLevelTunnelColor (LevelTunnelNum,VoltageLevelID,TunnelStructureTypeID,LevelTunnelName,ShowColor,LineWidth) VALUES ( 3,1,3,N'方沟220kV',N'#FF0000',2);
INSERT INTO  PowerLevelTunnelColor (LevelTunnelNum,VoltageLevelID,TunnelStructureTypeID,LevelTunnelName,ShowColor,LineWidth) VALUES ( 4,1,4,N'沟槽220kV',N'#FF0000',2);
INSERT INTO  PowerLevelTunnelColor (LevelTunnelNum,VoltageLevelID,TunnelStructureTypeID,LevelTunnelName,ShowColor,LineWidth) VALUES ( 5,1,5,N'排管220kV',N'#92D050',2);
INSERT INTO  PowerLevelTunnelColor (LevelTunnelNum,VoltageLevelID,TunnelStructureTypeID,LevelTunnelName,ShowColor,LineWidth) VALUES ( 6,1,6,N'拉管220kV',N'#FFFF00',2);
INSERT INTO  PowerLevelTunnelColor (LevelTunnelNum,VoltageLevelID,TunnelStructureTypeID,LevelTunnelName,ShowColor,LineWidth) VALUES ( 7,1,7,N'直埋220kV',N'#FFFF00',2);
INSERT INTO  PowerLevelTunnelColor (LevelTunnelNum,VoltageLevelID,TunnelStructureTypeID,LevelTunnelName,ShowColor,LineWidth) VALUES ( 8,1,8,N'桥架220kV',N'#92CDDC',2);
INSERT INTO  PowerLevelTunnelColor (LevelTunnelNum,VoltageLevelID,TunnelStructureTypeID,LevelTunnelName,ShowColor,LineWidth) VALUES ( 9,2,1,N'隧道110kV',N'#F00000',3);
INSERT INTO  PowerLevelTunnelColor (LevelTunnelNum,VoltageLevelID,TunnelStructureTypeID,LevelTunnelName,ShowColor,LineWidth) VALUES ( 10,2,2,N'顶管110kV',N'#a52a2a',2);
INSERT INTO  PowerLevelTunnelColor (LevelTunnelNum,VoltageLevelID,TunnelStructureTypeID,LevelTunnelName,ShowColor,LineWidth) VALUES ( 11,2,3,N'方沟110kV',N'#32cd32',2);
INSERT INTO  PowerLevelTunnelColor (LevelTunnelNum,VoltageLevelID,TunnelStructureTypeID,LevelTunnelName,ShowColor,LineWidth) VALUES ( 12,2,4,N'沟槽110kV',N'#32cd32',2);
INSERT INTO  PowerLevelTunnelColor (LevelTunnelNum,VoltageLevelID,TunnelStructureTypeID,LevelTunnelName,ShowColor,LineWidth) VALUES ( 13,2,5,N'排管110kV',N'#92D050',2);
INSERT INTO  PowerLevelTunnelColor (LevelTunnelNum,VoltageLevelID,TunnelStructureTypeID,LevelTunnelName,ShowColor,LineWidth) VALUES ( 14,2,6,N'拉管110kV',N'#FFFF00',2);
INSERT INTO  PowerLevelTunnelColor (LevelTunnelNum,VoltageLevelID,TunnelStructureTypeID,LevelTunnelName,ShowColor,LineWidth) VALUES ( 15,2,7,N'直埋110kV',N'#FFFF00',2);
INSERT INTO  PowerLevelTunnelColor (LevelTunnelNum,VoltageLevelID,TunnelStructureTypeID,LevelTunnelName,ShowColor,LineWidth) VALUES ( 16,2,8,N'桥架110kV',N'#92CDDC',2);
INSERT INTO  PowerLevelTunnelColor (LevelTunnelNum,VoltageLevelID,TunnelStructureTypeID,LevelTunnelName,ShowColor,LineWidth) VALUES ( 17,3,1,N'隧道35kV',N'#ff6347',3);
INSERT INTO  PowerLevelTunnelColor (LevelTunnelNum,VoltageLevelID,TunnelStructureTypeID,LevelTunnelName,ShowColor,LineWidth) VALUES ( 18,3,2,N'顶管35kV',N'#a52a2a',2);
INSERT INTO  PowerLevelTunnelColor (LevelTunnelNum,VoltageLevelID,TunnelStructureTypeID,LevelTunnelName,ShowColor,LineWidth) VALUES ( 19,3,3,N'方沟35kV',N'#0000FF',2);
INSERT INTO  PowerLevelTunnelColor (LevelTunnelNum,VoltageLevelID,TunnelStructureTypeID,LevelTunnelName,ShowColor,LineWidth) VALUES ( 20,3,4,N'沟槽35kV',N'#0000FF',2);
INSERT INTO  PowerLevelTunnelColor (LevelTunnelNum,VoltageLevelID,TunnelStructureTypeID,LevelTunnelName,ShowColor,LineWidth) VALUES ( 21,3,5,N'排管35kV',N'#92D050',2);
INSERT INTO  PowerLevelTunnelColor (LevelTunnelNum,VoltageLevelID,TunnelStructureTypeID,LevelTunnelName,ShowColor,LineWidth) VALUES ( 22,3,6,N'拉管35kV',N'#FFFF00',2);
INSERT INTO  PowerLevelTunnelColor (LevelTunnelNum,VoltageLevelID,TunnelStructureTypeID,LevelTunnelName,ShowColor,LineWidth) VALUES ( 23,3,7,N'直埋35kV',N'#FFFF00',2);
INSERT INTO  PowerLevelTunnelColor (LevelTunnelNum,VoltageLevelID,TunnelStructureTypeID,LevelTunnelName,ShowColor,LineWidth) VALUES ( 24,3,8,N'桥架35kV',N'#92CDDC',2);
INSERT INTO  PowerLevelTunnelColor (LevelTunnelNum,VoltageLevelID,TunnelStructureTypeID,LevelTunnelName,ShowColor,LineWidth) VALUES ( 25,4,1,N'隧道10kV',N'#00ff00',3);
INSERT INTO  PowerLevelTunnelColor (LevelTunnelNum,VoltageLevelID,TunnelStructureTypeID,LevelTunnelName,ShowColor,LineWidth) VALUES ( 26,4,2,N'顶管10kV',N'#a52a2a',2);
INSERT INTO  PowerLevelTunnelColor (LevelTunnelNum,VoltageLevelID,TunnelStructureTypeID,LevelTunnelName,ShowColor,LineWidth) VALUES ( 27,4,3,N'方沟10kV',N'#548dd4',2);
INSERT INTO  PowerLevelTunnelColor (LevelTunnelNum,VoltageLevelID,TunnelStructureTypeID,LevelTunnelName,ShowColor,LineWidth) VALUES ( 28,4,4,N'沟槽10kV',N'#548dd4',2);
INSERT INTO  PowerLevelTunnelColor (LevelTunnelNum,VoltageLevelID,TunnelStructureTypeID,LevelTunnelName,ShowColor,LineWidth) VALUES ( 29,4,5,N'排管10kV',N'#92D050',2);
INSERT INTO  PowerLevelTunnelColor (LevelTunnelNum,VoltageLevelID,TunnelStructureTypeID,LevelTunnelName,ShowColor,LineWidth) VALUES ( 30,4,6,N'拉管10kV',N'#FFFF00',2);
INSERT INTO  PowerLevelTunnelColor (LevelTunnelNum,VoltageLevelID,TunnelStructureTypeID,LevelTunnelName,ShowColor,LineWidth) VALUES ( 31,4,7,N'直埋10kV',N'#FFFF00',2);
INSERT INTO  PowerLevelTunnelColor (LevelTunnelNum,VoltageLevelID,TunnelStructureTypeID,LevelTunnelName,ShowColor,LineWidth) VALUES ( 32,4,8,N'桥架10kV',N'#92CDDC',2);
INSERT INTO  PowerLevelTunnelColor (LevelTunnelNum,VoltageLevelID,TunnelStructureTypeID,LevelTunnelName) VALUES ( 41,6,1,N'隧道建设中');
INSERT INTO  PowerLevelTunnelColor (LevelTunnelNum,VoltageLevelID,TunnelStructureTypeID,LevelTunnelName) VALUES ( 42,6,2,N'顶管建设中');
INSERT INTO  PowerLevelTunnelColor (LevelTunnelNum,VoltageLevelID,TunnelStructureTypeID,LevelTunnelName) VALUES ( 43,6,3,N'方沟建设中');
INSERT INTO  PowerLevelTunnelColor (LevelTunnelNum,VoltageLevelID,TunnelStructureTypeID,LevelTunnelName) VALUES ( 44,6,4,N'沟槽建设中');
INSERT INTO  PowerLevelTunnelColor (LevelTunnelNum,VoltageLevelID,TunnelStructureTypeID,LevelTunnelName) VALUES ( 45,6,5,N'排管建设中');
INSERT INTO  PowerLevelTunnelColor (LevelTunnelNum,VoltageLevelID,TunnelStructureTypeID,LevelTunnelName) VALUES ( 46,6,6,N'拉管建设中');
INSERT INTO  PowerLevelTunnelColor (LevelTunnelNum,VoltageLevelID,TunnelStructureTypeID,LevelTunnelName) VALUES ( 47,6,7,N'直埋建设中');
INSERT INTO  PowerLevelTunnelColor (LevelTunnelNum,VoltageLevelID,TunnelStructureTypeID,LevelTunnelName) VALUES ( 48,6,8,N'桥架建设中');


INSERT INTO  AttachmentModelType (ModelTypeNum,AttachmentTypeID,PathTypeID,ModelTypeName) VALUES ( 1,1,2,N'FS-YJLV22-3*300');
INSERT INTO  AttachmentModelType (ModelTypeNum,AttachmentTypeID,PathTypeID,ModelTypeName) VALUES ( 2,1,2,N'FS-YJLV22-3*500');
INSERT INTO  AttachmentModelType (ModelTypeNum,AttachmentTypeID,PathTypeID,ModelTypeName) VALUES ( 3,1,2,N'FS-YJLW03-1*630');
INSERT INTO  AttachmentModelType (ModelTypeNum,AttachmentTypeID,PathTypeID,ModelTypeName) VALUES ( 4,1,2,N'FS-YJV62-1*300');
INSERT INTO  AttachmentModelType (ModelTypeNum,AttachmentTypeID,PathTypeID,ModelTypeName) VALUES ( 5,1,2,N'SR-YJLW02-1*400');
INSERT INTO  AttachmentModelType (ModelTypeNum,AttachmentTypeID,PathTypeID,ModelTypeName) VALUES ( 6,1,2,N'YJLLW02-1*400');
INSERT INTO  AttachmentModelType (ModelTypeNum,AttachmentTypeID,PathTypeID,ModelTypeName) VALUES ( 7,1,2,N'YJLLW02-1*500');
INSERT INTO  AttachmentModelType (ModelTypeNum,AttachmentTypeID,PathTypeID,ModelTypeName) VALUES ( 8,1,2,N'YJLLW02-1*630');
INSERT INTO  AttachmentModelType (ModelTypeNum,AttachmentTypeID,PathTypeID,ModelTypeName) VALUES ( 9,1,2,N'YJLLW02-1*800');
INSERT INTO  AttachmentModelType (ModelTypeNum,AttachmentTypeID,PathTypeID,ModelTypeName) VALUES ( 10,1,2,N'YJLLW02-J-1*630');
INSERT INTO  AttachmentModelType (ModelTypeNum,AttachmentTypeID,PathTypeID,ModelTypeName) VALUES ( 11,1,2,N'YJLV22-3*300');
INSERT INTO  AttachmentModelType (ModelTypeNum,AttachmentTypeID,PathTypeID,ModelTypeName) VALUES ( 12,1,2,N'YJLW02-1*1000');
INSERT INTO  AttachmentModelType (ModelTypeNum,AttachmentTypeID,PathTypeID,ModelTypeName) VALUES ( 13,1,2,N'YJLW02-1*300');
INSERT INTO  AttachmentModelType (ModelTypeNum,AttachmentTypeID,PathTypeID,ModelTypeName) VALUES ( 14,1,2,N'YJLW02-1*400');
INSERT INTO  AttachmentModelType (ModelTypeNum,AttachmentTypeID,PathTypeID,ModelTypeName) VALUES ( 15,1,2,N'YJLW03-1*1000');
INSERT INTO  AttachmentModelType (ModelTypeNum,AttachmentTypeID,PathTypeID,ModelTypeName) VALUES ( 16,1,2,N'YJLW03-1*630');
INSERT INTO  AttachmentModelType (ModelTypeNum,AttachmentTypeID,PathTypeID,ModelTypeName) VALUES ( 17,1,2,N'ZC-YJLVV02-1*800');
INSERT INTO  AttachmentModelType (ModelTypeNum,AttachmentTypeID,PathTypeID,ModelTypeName) VALUES ( 18,1,2,N'ZC-YJLW02-Z-1*1200');
INSERT INTO  AttachmentModelType (ModelTypeNum,AttachmentTypeID,PathTypeID,ModelTypeName) VALUES ( 19,1,2,N'ZC-YJLW02-Z-1*1600');
INSERT INTO  AttachmentModelType (ModelTypeNum,AttachmentTypeID,PathTypeID,ModelTypeName) VALUES ( 20,1,2,N'ZC-YJLW02-Z-1*2500');
INSERT INTO  AttachmentModelType (ModelTypeNum,AttachmentTypeID,PathTypeID,ModelTypeName) VALUES ( 21,1,2,N'ZC-YJLW03-1*2000');
INSERT INTO  AttachmentModelType (ModelTypeNum,AttachmentTypeID,PathTypeID,ModelTypeName) VALUES ( 22,1,2,N'ZC-YJLW03-1*400');
INSERT INTO  AttachmentModelType (ModelTypeNum,AttachmentTypeID,PathTypeID,ModelTypeName) VALUES ( 23,1,2,N'ZC-YJLW03-1*630');
INSERT INTO  AttachmentModelType (ModelTypeNum,AttachmentTypeID,PathTypeID,ModelTypeName) VALUES ( 24,1,2,N'ZC-YJLW03-1*800');
INSERT INTO  AttachmentModelType (ModelTypeNum,AttachmentTypeID,PathTypeID,ModelTypeName) VALUES ( 25,1,2,N'ZL-YJLW02-1*1600');
INSERT INTO  AttachmentModelType (ModelTypeNum,AttachmentTypeID,PathTypeID,ModelTypeName) VALUES ( 26,1,2,N'ZR- YJLW02-1*400');
INSERT INTO  AttachmentModelType (ModelTypeNum,AttachmentTypeID,PathTypeID,ModelTypeName) VALUES ( 27,1,2,N'ZR-YJLLW02-1*400');
INSERT INTO  AttachmentModelType (ModelTypeNum,AttachmentTypeID,PathTypeID,ModelTypeName) VALUES ( 28,1,2,N'ZR-YJLLW02-1*500');
INSERT INTO  AttachmentModelType (ModelTypeNum,AttachmentTypeID,PathTypeID,ModelTypeName) VALUES ( 29,1,2,N'ZR-YJLLW02-1*630');
INSERT INTO  AttachmentModelType (ModelTypeNum,AttachmentTypeID,PathTypeID,ModelTypeName) VALUES ( 30,1,2,N'ZR-YJLLW02-1*800');
INSERT INTO  AttachmentModelType (ModelTypeNum,AttachmentTypeID,PathTypeID,ModelTypeName) VALUES ( 31,1,2,N'ZR-YJLV62-1*240');
INSERT INTO  AttachmentModelType (ModelTypeNum,AttachmentTypeID,PathTypeID,ModelTypeName) VALUES ( 32,1,2,N'ZR-YJLW02-1*1000');
INSERT INTO  AttachmentModelType (ModelTypeNum,AttachmentTypeID,PathTypeID,ModelTypeName) VALUES ( 33,1,2,N'ZR-YJLW02-1*1600');
INSERT INTO  AttachmentModelType (ModelTypeNum,AttachmentTypeID,PathTypeID,ModelTypeName) VALUES ( 34,1,2,N'ZR-YJLW02-1*2000');
INSERT INTO  AttachmentModelType (ModelTypeNum,AttachmentTypeID,PathTypeID,ModelTypeName) VALUES ( 35,1,2,N'ZR-YJLW02-1*300');
INSERT INTO  AttachmentModelType (ModelTypeNum,AttachmentTypeID,PathTypeID,ModelTypeName) VALUES ( 36,1,2,N'ZR-YJLW02-1*400');
INSERT INTO  AttachmentModelType (ModelTypeNum,AttachmentTypeID,PathTypeID,ModelTypeName) VALUES ( 37,1,2,N'ZR-YJLW03-1*400');
INSERT INTO  AttachmentModelType (ModelTypeNum,AttachmentTypeID,PathTypeID,ModelTypeName) VALUES ( 38,1,2,N'ZR-YJLW03-1*630');
INSERT INTO  AttachmentModelType (ModelTypeNum,AttachmentTypeID,PathTypeID,ModelTypeName) VALUES ( 39,1,2,N'ZR-YJV22-3*185');
INSERT INTO  AttachmentModelType (ModelTypeNum,AttachmentTypeID,PathTypeID,ModelTypeName) VALUES ( 40,1,2,N'ZR-YJV22-3*240');
INSERT INTO  AttachmentModelType (ModelTypeNum,AttachmentTypeID,PathTypeID,ModelTypeName) VALUES ( 41,1,2,N'ZR-YJV22-3*300');
INSERT INTO  AttachmentModelType (ModelTypeNum,AttachmentTypeID,PathTypeID,ModelTypeName) VALUES ( 42,1,3,N'ZR-YJV22-3*400');
INSERT INTO  AttachmentModelType (ModelTypeNum,AttachmentTypeID,PathTypeID,ModelTypeName) VALUES ( 43,1,3,N'YJV22-3*300');
INSERT INTO  AttachmentModelType (ModelTypeNum,AttachmentTypeID,PathTypeID,ModelTypeName) VALUES ( 44,1,3,N'ZR-YJLV22-3*300');
INSERT INTO  AttachmentModelType (ModelTypeNum,AttachmentTypeID,PathTypeID,ModelTypeName) VALUES ( 45,1,3,N'YJLV22-3*70');
INSERT INTO  AttachmentModelType (ModelTypeNum,AttachmentTypeID,PathTypeID,ModelTypeName) VALUES ( 46,1,3,N'ZC-YJV22-3*300');
INSERT INTO  AttachmentModelType (ModelTypeNum,AttachmentTypeID,PathTypeID,ModelTypeName) VALUES ( 47,1,3,N'ZLQ2-3*150');
INSERT INTO  AttachmentModelType (ModelTypeNum,AttachmentTypeID,PathTypeID,ModelTypeName) VALUES ( 48,1,3,N'YJV22-3*120');
INSERT INTO  AttachmentModelType (ModelTypeNum,AttachmentTypeID,PathTypeID,ModelTypeName) VALUES ( 49,1,3,N'ZR-YJLV22-3*70');
INSERT INTO  AttachmentModelType (ModelTypeNum,AttachmentTypeID,PathTypeID,ModelTypeName) VALUES ( 50,1,3,N'ZR-YJV22-3*150');
INSERT INTO  AttachmentModelType (ModelTypeNum,AttachmentTypeID,PathTypeID,ModelTypeName) VALUES ( 51,1,3,N'YJLV22-3*50');
INSERT INTO  AttachmentModelType (ModelTypeNum,AttachmentTypeID,PathTypeID,ModelTypeName) VALUES ( 52,1,3,N'ZR-YJV22-3*120');
INSERT INTO  AttachmentModelType (ModelTypeNum,AttachmentTypeID,PathTypeID,ModelTypeName) VALUES ( 53,1,3,N'YJV22-3*70');
INSERT INTO  AttachmentModelType (ModelTypeNum,AttachmentTypeID,PathTypeID,ModelTypeName) VALUES ( 54,1,3,N'ZR-YJLV22-3*240');
INSERT INTO  AttachmentModelType (ModelTypeNum,AttachmentTypeID,PathTypeID,ModelTypeName) VALUES ( 55,1,3,N'YJLV22-3*120');
INSERT INTO  AttachmentModelType (ModelTypeNum,AttachmentTypeID,PathTypeID,ModelTypeName) VALUES ( 56,1,3,N'YJV22-3*240');
INSERT INTO  AttachmentModelType (ModelTypeNum,AttachmentTypeID,PathTypeID,ModelTypeName) VALUES ( 57,1,3,N'ZLQ21-3*240');
INSERT INTO  AttachmentModelType (ModelTypeNum,AttachmentTypeID,PathTypeID,ModelTypeName) VALUES ( 58,1,3,N'ZR-YJV22-1*35');
INSERT INTO  AttachmentModelType (ModelTypeNum,AttachmentTypeID,PathTypeID,ModelTypeName) VALUES ( 59,1,3,N'ZR-YJV22-3*70');
INSERT INTO  AttachmentModelType (ModelTypeNum,AttachmentTypeID,PathTypeID,ModelTypeName) VALUES ( 60,1,3,N'ZR-YJLV22-3*120');
INSERT INTO  AttachmentModelType (ModelTypeNum,AttachmentTypeID,PathTypeID,ModelTypeName) VALUES ( 61,1,3,N'YJLV22-3*240');
INSERT INTO  AttachmentModelType (ModelTypeNum,AttachmentTypeID,PathTypeID,ModelTypeName) VALUES ( 62,1,3,N'ZC-YJV22-3*120');
INSERT INTO  AttachmentModelType (ModelTypeNum,AttachmentTypeID,PathTypeID,ModelTypeName) VALUES ( 63,1,3,N'ZC-YJV22-3*240');
INSERT INTO  AttachmentModelType (ModelTypeNum,AttachmentTypeID,PathTypeID,ModelTypeName) VALUES ( 64,1,3,N'ZR-YJV22-3*95');
INSERT INTO  AttachmentModelType (ModelTypeNum,AttachmentTypeID,PathTypeID,ModelTypeName) VALUES ( 65,1,3,N'ZR-YJV22-3*35');
INSERT INTO  AttachmentModelType (ModelTypeNum,AttachmentTypeID,PathTypeID,ModelTypeName) VALUES ( 66,1,3,N'YJV22-3*95');
INSERT INTO  AttachmentModelType (ModelTypeNum,AttachmentTypeID,PathTypeID,ModelTypeName) VALUES ( 67,1,3,N'ZLQD22-3*120');
INSERT INTO  AttachmentModelType (ModelTypeNum,AttachmentTypeID,PathTypeID,ModelTypeName) VALUES ( 68,1,3,N'YJV22-3*25');
INSERT INTO  AttachmentModelType (ModelTypeNum,AttachmentTypeID,PathTypeID,ModelTypeName) VALUES ( 69,1,3,N'ZR-YJLV22-3*50');
INSERT INTO  AttachmentModelType (ModelTypeNum,AttachmentTypeID,PathTypeID,ModelTypeName) VALUES ( 70,1,3,N'ZR-YJV22-3*400');
INSERT INTO  AttachmentModelType (ModelTypeNum,AttachmentTypeID,PathTypeID,ModelTypeName) VALUES ( 71,1,3,N'YJLV22-3*150');
INSERT INTO  AttachmentModelType (ModelTypeNum,AttachmentTypeID,PathTypeID,ModelTypeName) VALUES ( 72,1,3,N'ZLQD22-3*240');
INSERT INTO  AttachmentModelType (ModelTypeNum,AttachmentTypeID,PathTypeID,ModelTypeName) VALUES ( 73,1,3,N'YJV22-3*185');
INSERT INTO  AttachmentModelType (ModelTypeNum,AttachmentTypeID,PathTypeID,ModelTypeName) VALUES ( 74,1,3,N'YJLV22-3*95');


INSERT INTO  BaseFacility (BaseFacilityNum,Lon,Lat,BaseFacilityName,AssetCode,BaseFacilityDescription) VALUES ( 1,0,0,N'富强站',N'11',N'桥东');
INSERT INTO  BaseFacility (BaseFacilityNum,Lon,Lat,BaseFacilityName,AssetCode,BaseFacilityDescription) VALUES ( 2,0,0,N'位同站',N'12',N'桥东');
INSERT INTO  BaseFacility (BaseFacilityNum,Lon,Lat,BaseFacilityName,AssetCode,BaseFacilityDescription) VALUES ( 3,0,0,N'南栗站',N'14',N'桥东');
INSERT INTO  BaseFacility (BaseFacilityNum,Lon,Lat,BaseFacilityName,AssetCode,BaseFacilityDescription) VALUES ( 4,0,0,N'南郊站',N'10',N'桥东');
INSERT INTO  BaseFacility (BaseFacilityNum,Lon,Lat,BaseFacilityName,AssetCode,BaseFacilityDescription) VALUES ( 5,0,0,N'方北站',N'07',N'桥东');
INSERT INTO  BaseFacility (BaseFacilityNum,Lon,Lat,BaseFacilityName,AssetCode,BaseFacilityDescription) VALUES ( 6,0,0,N'中山站',N'54',N'桥西');
INSERT INTO  BaseFacility (BaseFacilityNum,Lon,Lat,BaseFacilityName,AssetCode,BaseFacilityDescription) VALUES ( 7,0,0,N'红光站',N'02',N'桥东');
INSERT INTO  BaseFacility (BaseFacilityNum,Lon,Lat,BaseFacilityName,AssetCode,BaseFacilityDescription) VALUES ( 8,0,0,N'纺织站',N'03',N'桥东');
INSERT INTO  BaseFacility (BaseFacilityNum,Lon,Lat,BaseFacilityName,AssetCode,BaseFacilityDescription) VALUES ( 9,0,0,N'平安站',N'74',N'桥西');
INSERT INTO  BaseFacility (BaseFacilityNum,Lon,Lat,BaseFacilityName,AssetCode,BaseFacilityDescription) VALUES ( 10,0,0,N'时光站',N'56',N'桥西');
INSERT INTO  BaseFacility (BaseFacilityNum,Lon,Lat,BaseFacilityName,AssetCode,BaseFacilityDescription) VALUES ( 11,0,0,N'西郊站',N'61',N'桥西');
INSERT INTO  BaseFacility (BaseFacilityNum,Lon,Lat,BaseFacilityName,AssetCode,BaseFacilityDescription) VALUES ( 12,0,0,N'车站站',N'69',N'桥西');
INSERT INTO  BaseFacility (BaseFacilityNum,Lon,Lat,BaseFacilityName,AssetCode,BaseFacilityDescription) VALUES ( 13,0,0,N'新华站',N'68',N'桥西');
INSERT INTO  BaseFacility (BaseFacilityNum,Lon,Lat,BaseFacilityName,AssetCode,BaseFacilityDescription) VALUES ( 14,0,0,N'玉村站',N'58',N'桥西');
INSERT INTO  BaseFacility (BaseFacilityNum,Lon,Lat,BaseFacilityName,AssetCode,BaseFacilityDescription) VALUES ( 15,0,0,N'联盟站',N'60',N'桥西');
INSERT INTO  BaseFacility (BaseFacilityNum,Lon,Lat,BaseFacilityName,AssetCode,BaseFacilityDescription) VALUES ( 16,0,0,N'柳林站',N'67',N'桥西');
INSERT INTO  BaseFacility (BaseFacilityNum,Lon,Lat,BaseFacilityName,AssetCode,BaseFacilityDescription) VALUES ( 17,0,0,N'友谊站',N'59',N'桥西');
INSERT INTO  BaseFacility (BaseFacilityNum,Lon,Lat,BaseFacilityName,AssetCode,BaseFacilityDescription) VALUES ( 18,0,0,N'五七站',N'65',N'桥西');
INSERT INTO  BaseFacility (BaseFacilityNum,Lon,Lat,BaseFacilityName,AssetCode,BaseFacilityDescription) VALUES ( 19,0,0,N'滨河站',N'62',N'桥西');
INSERT INTO  BaseFacility (BaseFacilityNum,Lon,Lat,BaseFacilityName,AssetCode,BaseFacilityDescription) VALUES ( 20,0,0,N'维明站',N'66',N'桥西');
INSERT INTO  BaseFacility (BaseFacilityNum,Lon,Lat,BaseFacilityName,AssetCode,BaseFacilityDescription) VALUES ( 21,0,0,N'泰山站',N'18',N'桥东');
INSERT INTO  BaseFacility (BaseFacilityNum,Lon,Lat,BaseFacilityName,AssetCode,BaseFacilityDescription) VALUES ( 22,0,0,N'广安站',N'04',N'桥东');
INSERT INTO  BaseFacility (BaseFacilityNum,Lon,Lat,BaseFacilityName,AssetCode,BaseFacilityDescription) VALUES ( 23,0,0,N'北道岔站',N'72',N'桥西');
INSERT INTO  BaseFacility (BaseFacilityNum,Lon,Lat,BaseFacilityName,AssetCode,BaseFacilityDescription) VALUES ( 24,0,0,N'民生站',N'06',N'桥东');
INSERT INTO  BaseFacility (BaseFacilityNum,Lon,Lat,BaseFacilityName,AssetCode,BaseFacilityDescription) VALUES ( 25,0,0,N'东垣站',N'01',N'桥东');
INSERT INTO  BaseFacility (BaseFacilityNum,Lon,Lat,BaseFacilityName,AssetCode,BaseFacilityDescription) VALUES ( 26,0,0,N'东郊站',N'05',N'桥东');
INSERT INTO  BaseFacility (BaseFacilityNum,Lon,Lat,BaseFacilityName,AssetCode,BaseFacilityDescription) VALUES ( 27,0,0,N'北郊站',N'71',N'桥西');
INSERT INTO  BaseFacility (BaseFacilityNum,Lon,Lat,BaseFacilityName,AssetCode,BaseFacilityDescription) VALUES ( 28,0,0,N'长江站',N'17',N'桥东');
INSERT INTO  BaseFacility (BaseFacilityNum,Lon,Lat,BaseFacilityName,AssetCode,BaseFacilityDescription) VALUES ( 29,0,0,N'石化站',N'25',N'桥东');
INSERT INTO  BaseFacility (BaseFacilityNum,Lon,Lat,BaseFacilityName,AssetCode,BaseFacilityDescription) VALUES ( 30,0,0,N'留村站',N'20',N'桥东');
INSERT INTO  BaseFacility (BaseFacilityNum,Lon,Lat,BaseFacilityName,AssetCode,BaseFacilityDescription) VALUES ( 31,0,0,N'白伏站',N'16',N'桥东');
INSERT INTO  BaseFacility (BaseFacilityNum,Lon,Lat,BaseFacilityName,AssetCode,BaseFacilityDescription) VALUES ( 32,0,0,N'杜北站',N'57',N'桥西');
INSERT INTO  BaseFacility (BaseFacilityNum,Lon,Lat,BaseFacilityName,AssetCode,BaseFacilityDescription) VALUES ( 33,0,0,N'兆通站',N'26',N'桥东');
INSERT INTO  BaseFacility (BaseFacilityNum,Lon,Lat,BaseFacilityName,AssetCode,BaseFacilityDescription) VALUES ( 34,0,0,N'铜冶站',N'52',N'桥西');
INSERT INTO  BaseFacility (BaseFacilityNum,Lon,Lat,BaseFacilityName,AssetCode,BaseFacilityDescription) VALUES ( 35,0,0,N'仓丰站',N'13',N'桥东');
INSERT INTO  BaseFacility (BaseFacilityNum,Lon,Lat,BaseFacilityName,AssetCode,BaseFacilityDescription) VALUES ( 36,0,0,N'方村站',N'15',N'桥东');
INSERT INTO  BaseFacility (BaseFacilityNum,Lon,Lat,BaseFacilityName,AssetCode,BaseFacilityDescription) VALUES ( 37,0,0,N'陵园站',N'63',N'桥西');
INSERT INTO  BaseFacility (BaseFacilityNum,Lon,Lat,BaseFacilityName,AssetCode,BaseFacilityDescription) VALUES ( 38,0,0,N'韩通站',N'24',N'桥东');
INSERT INTO  BaseFacility (BaseFacilityNum,Lon,Lat,BaseFacilityName,AssetCode,BaseFacilityDescription) VALUES ( 39,0,0,N'大马站',N'53',N'桥西');
INSERT INTO  BaseFacility (BaseFacilityNum,Lon,Lat,BaseFacilityName,AssetCode,BaseFacilityDescription) VALUES ( 40,0,0,N'北邑站',N'22',N'桥东');
INSERT INTO  BaseFacility (BaseFacilityNum,Lon,Lat,BaseFacilityName,AssetCode,BaseFacilityDescription) VALUES ( 41,0,0,N'中华站',N'64',N'桥西');
INSERT INTO  BaseFacility (BaseFacilityNum,Lon,Lat,BaseFacilityName,AssetCode,BaseFacilityDescription) VALUES ( 42,0,0,N'裕华站',N'09',N'桥东');
INSERT INTO  BaseFacility (BaseFacilityNum,Lon,Lat,BaseFacilityName,AssetCode,BaseFacilityDescription) VALUES ( 43,0,0,N'鹿泉站',N'51',N'桥西');
INSERT INTO  BaseFacility (BaseFacilityNum,Lon,Lat,BaseFacilityName,AssetCode,BaseFacilityDescription) VALUES ( 44,0,0,N'昆仑站',N'19',N'桥东');
INSERT INTO  BaseFacility (BaseFacilityNum,Lon,Lat,BaseFacilityName,AssetCode,BaseFacilityDescription) VALUES ( 45,0,0,N'桥西站',N'55',N'桥西');
INSERT INTO  BaseFacility (BaseFacilityNum,Lon,Lat,BaseFacilityName,AssetCode,BaseFacilityDescription) VALUES ( 46,0,0,N'石牵站',N'70',N'桥西');
INSERT INTO  BaseFacility (BaseFacilityNum,Lon,Lat,BaseFacilityName,AssetCode,BaseFacilityDescription) VALUES ( 47,0,0,N'建华站',N'08',N'桥东');
INSERT INTO  BaseFacility (BaseFacilityNum,Lon,Lat,BaseFacilityName,AssetCode,BaseFacilityDescription) VALUES ( 48,0,0,N'燕山站(格力站)',N'23',N'桥东');
INSERT INTO  BaseFacility (BaseFacilityNum,Lon,Lat,BaseFacilityName) VALUES ( 49,0,0,N'74#开闭所');
INSERT INTO  BaseFacility (BaseFacilityNum,BaseFacilityName,AssetCode) VALUES ( 50,N'电缆',N'99');
INSERT INTO  BaseFacility (BaseFacilityNum,Lon,Lat,BaseFacilityName,AssetCode,BaseFacilityDescription) VALUES ( 52,0,0,N'扬子站',N'21',N'桥东');
INSERT INTO  BaseFacility (BaseFacilityNum,Lon,Lat,BaseFacilityName,AssetCode,BaseFacilityDescription) VALUES ( 53,0,0,N'新乐站',N'27',N'桥东');
INSERT INTO  BaseFacility (BaseFacilityNum,Lon,Lat,BaseFacilityName,AssetCode,BaseFacilityDescription) VALUES ( 51,0,0,N'胜利站',N'73',N'桥西');


INSERT INTO  CableDeviceType (CableDeviceTypeID,AttachmentTypeID,PathTypeID,CableDeviceTypeName) VALUES ( 1,1,2,N'油纸');
INSERT INTO  CableDeviceType (CableDeviceTypeID,AttachmentTypeID,PathTypeID,CableDeviceTypeName) VALUES ( 2,1,2,N'交联');
INSERT INTO  CableDeviceType (CableDeviceTypeID,AttachmentTypeID,PathTypeID,CableDeviceTypeName) VALUES ( 3,2,2,N'假接头');
INSERT INTO  CableDeviceType (CableDeviceTypeID,AttachmentTypeID,PathTypeID,CableDeviceTypeName) VALUES ( 4,2,2,N'直通接头');
INSERT INTO  CableDeviceType (CableDeviceTypeID,AttachmentTypeID,PathTypeID,CableDeviceTypeName) VALUES ( 5,2,2,N'绝缘接头');
INSERT INTO  CableDeviceType (CableDeviceTypeID,AttachmentTypeID,PathTypeID,CableDeviceTypeName) VALUES ( 6,1,3,N'充油');
INSERT INTO  CableDeviceType (CableDeviceTypeID,AttachmentTypeID,PathTypeID,CableDeviceTypeName) VALUES ( 7,1,3,N'交联');
INSERT INTO  CableDeviceType (CableDeviceTypeID,AttachmentTypeID,PathTypeID,CableDeviceTypeName) VALUES ( 8,3,3,N'螺栓');
INSERT INTO  CableDeviceType (CableDeviceTypeID,AttachmentTypeID,PathTypeID,CableDeviceTypeName) VALUES ( 9,3,3,N'T型');


INSERT INTO  CableDeviceStyle (CableDeviceStyleID,PathTypeID,AttachmentTypeID,CableDeviceStyleName) VALUES ( 1,2,1,N'铜');
INSERT INTO  CableDeviceStyle (CableDeviceStyleID,PathTypeID,AttachmentTypeID,CableDeviceStyleName) VALUES ( 2,2,1,N'铝');
INSERT INTO  CableDeviceStyle (CableDeviceStyleID,PathTypeID,AttachmentTypeID,CableDeviceStyleName) VALUES ( 3,2,2,N'整体');
INSERT INTO  CableDeviceStyle (CableDeviceStyleID,PathTypeID,AttachmentTypeID,CableDeviceStyleName) VALUES ( 4,2,2,N'预制');
INSERT INTO  CableDeviceStyle (CableDeviceStyleID,PathTypeID,AttachmentTypeID,CableDeviceStyleName) VALUES ( 5,2,3,N'户外预制');
INSERT INTO  CableDeviceStyle (CableDeviceStyleID,PathTypeID,AttachmentTypeID,CableDeviceStyleName) VALUES ( 6,2,3,N'GIS预制');
INSERT INTO  CableDeviceStyle (CableDeviceStyleID,PathTypeID,AttachmentTypeID,CableDeviceStyleName) VALUES ( 7,2,3,N'瓷套');
INSERT INTO  CableDeviceStyle (CableDeviceStyleID,PathTypeID,AttachmentTypeID,CableDeviceStyleName) VALUES ( 8,3,1,N'铜');
INSERT INTO  CableDeviceStyle (CableDeviceStyleID,PathTypeID,AttachmentTypeID,CableDeviceStyleName) VALUES ( 9,3,1,N'铝');
INSERT INTO  CableDeviceStyle (CableDeviceStyleID,PathTypeID,AttachmentTypeID,CableDeviceStyleName) VALUES ( 10,3,2,N'冷缩');
INSERT INTO  CableDeviceStyle (CableDeviceStyleID,PathTypeID,AttachmentTypeID,CableDeviceStyleName) VALUES ( 11,3,2,N'热缩');
INSERT INTO  CableDeviceStyle (CableDeviceStyleID,PathTypeID,AttachmentTypeID,CableDeviceStyleName) VALUES ( 12,3,3,N'冷缩');
INSERT INTO  CableDeviceStyle (CableDeviceStyleID,PathTypeID,AttachmentTypeID,CableDeviceStyleName) VALUES ( 13,3,3,N'热缩');


INSERT INTO  Organization (OrganizationNum,OrganizationName,Visible) VALUES ( 0,N'系统厂家',0);
INSERT INTO  Organization (OrganizationNum,OrganizationName,Visible) VALUES ( 1,N'国网石家庄供电公司',1);
INSERT INTO  Organization (OrganizationNum,ParentID,OrganizationName,Visible) VALUES ( 2,1,N'电缆运检室',1);
INSERT INTO  Organization (OrganizationNum,ParentID,TeamTypeID,OrganizationName,Visible) VALUES ( 3,2,2,N'电缆运检一班',1);
INSERT INTO  Organization (OrganizationNum,ParentID,TeamTypeID,OrganizationName,Visible) VALUES ( 4,2,3,N'电缆运检二班',1);
INSERT INTO  Organization (OrganizationNum,ParentID,TeamTypeID,OrganizationName,Visible) VALUES ( 5,2,3,N'电缆运检三班',1);
INSERT INTO  Organization (OrganizationNum,ParentID,TeamTypeID,OrganizationName,Visible) VALUES ( 6,2,1,N'电缆运检四班',1);
INSERT INTO  Organization (OrganizationNum,ParentID,TeamTypeID,OrganizationName,Visible) VALUES ( 7,2,1,N'电缆运检五班',1);
INSERT INTO  Organization (OrganizationNum,ParentID,OrganizationName,Visible) VALUES ( 8,2,N'电缆运检室--临时工',1);
INSERT INTO  Organization (OrganizationNum,ParentID,OrganizationName,Visible) VALUES ( 9,2,N'电缆运检室--系统维护人员',1);
INSERT INTO  Organization (OrganizationNum,ParentID,OrganizationName,Visible) VALUES ( 10,2,N'机具组',1);
INSERT INTO  Organization (OrganizationNum,ParentID,OrganizationName,Visible) VALUES ( 11,1,N'配电工区',1);
INSERT INTO  Organization (OrganizationNum,ParentID,OrganizationName,Visible) VALUES ( 12,1,N'运维检修部',1);
INSERT INTO  Organization (OrganizationNum,ParentID,OrganizationName,Visible) VALUES ( 13,2,N'电缆运检室--辞退人员',1);
INSERT INTO  Organization (OrganizationNum,ParentID,OrganizationName,Visible) VALUES ( 14,1,N'发展策划部',1);
INSERT INTO  Organization (OrganizationNum,ParentID,OrganizationName,Visible) VALUES ( 15,1,N'信息通信分公司',1);
INSERT INTO  Organization (OrganizationNum,ParentID,OrganizationName,Visible) VALUES ( 16,1,N'经济技术研究所',1);
INSERT INTO  Organization (OrganizationNum,ParentID,OrganizationName,Visible) VALUES ( 17,1,N'局属领导',1);
INSERT INTO  Organization (OrganizationNum,ParentID,OrganizationName,Visible) VALUES ( 18,1,N'石家庄供电局设计院',1);
INSERT INTO  Organization (OrganizationNum,ParentID,OrganizationName,Visible) VALUES ( 19,1,N'市场及大客户服务室',1);


INSERT INTO  Employee (EmployeeID,OrganizationNum,RoleNum,Account,Password,UserName) VALUES ( N'0000',0,0,N'su',N'6DCA2DE7D872E213',N'SuperUser');
INSERT INTO  Employee (EmployeeID,OrganizationNum,RoleNum,Account,Password,UserName,Grade,Address) VALUES ( N'2862',2,1,N'杨博超',N'686C8595EEEC5940',N'杨博超',N'3',N'主任');
INSERT INTO  Employee (EmployeeID,OrganizationNum,RoleNum,Account,Password,UserName,Grade,Address) VALUES ( N'0464',2,2,N'邢昆',N'9F100B60FE27BF221469480C3C573BD3',N'邢昆',N'3',N'副主任');
INSERT INTO  Employee (EmployeeID,OrganizationNum,RoleNum,Account,Password,UserName,Grade,Address) VALUES ( N'3391',11,2,N'徐亚兵',N'15DB1B0DE4A5497092C6A88B80148E8E',N'徐亚兵',N'3',N'配电副主任');
INSERT INTO  Employee (EmployeeID,OrganizationNum,RoleNum,Account,Password,UserName,Grade,Address) VALUES ( N'1188',2,6,N'唐学奎',N'686C8595EEEC5940',N'唐学奎',N'2',N'计划专责');
INSERT INTO  Employee (EmployeeID,OrganizationNum,RoleNum,Account,Password,UserName,Grade,Address) VALUES ( N'2995',2,4,N'郭涛',N'686C8595EEEC5940',N'郭涛',N'2',N'输电专责');
INSERT INTO  Employee (EmployeeID,OrganizationNum,RoleNum,Account,Password,UserName,Grade,Address) VALUES ( N'3123',2,2,N'路明',N'686C8595EEEC5940',N'路明',N'2',N'配电专责');
INSERT INTO  Employee (EmployeeID,OrganizationNum,RoleNum,Account,Password,UserName,Grade,Address) VALUES ( N'3306',2,6,N'张霞',N'686C8595EEEC5940',N'张霞',N'2',N'培训专责');
INSERT INTO  Employee (EmployeeID,OrganizationNum,RoleNum,Account,Password,UserName,Grade,Address) VALUES ( N'3556',2,3,N'谷丰',N'686C8595EEEC5940',N'谷丰',N'2',N'通道专责');
INSERT INTO  Employee (EmployeeID,OrganizationNum,RoleNum,Account,Password,UserName,Grade,Address) VALUES ( N'3388',2,6,N'胡建彬',N'686C8595EEEC5940',N'胡建彬',N'2',N'安全专责');
INSERT INTO  Employee (EmployeeID,OrganizationNum,RoleNum,Account,Password,UserName,Grade,Address) VALUES ( N'3221',2,1,N'钱恒健',N'686C8595EEEC5940',N'钱恒健',N'2',N'信息专责');
INSERT INTO  Employee (EmployeeID,OrganizationNum,RoleNum,Account,Password,UserName,Grade,Address) VALUES ( N'3659',3,8,N'成洪刚',N'686C8595EEEC5940',N'成洪刚',N'1',N'输电班长');
INSERT INTO  Employee (EmployeeID,OrganizationNum,RoleNum,Account,Password,UserName,Grade) VALUES ( N'3772',3,8,N'李宏峰',N'FBEFC7B695AFC338',N'李宏峰',N'0');
INSERT INTO  Employee (EmployeeID,OrganizationNum,RoleNum,Account,Password,UserName,Grade) VALUES ( N'3859',2,2,N'郑有明',N'FBEFC7B695AFC338',N'郑有明',N'0');
INSERT INTO  Employee (EmployeeID,OrganizationNum,RoleNum,Account,Password,UserName,Grade) VALUES ( N'1130',3,8,N'陈汇东',N'686C8595EEEC5940',N'陈汇东',N'0');
INSERT INTO  Employee (EmployeeID,OrganizationNum,RoleNum,Account,Password,UserName,Grade) VALUES ( N'4121',3,8,N'郭康',N'FBEFC7B695AFC338',N'郭康',N'0');
INSERT INTO  Employee (EmployeeID,OrganizationNum,RoleNum,Account,Password,UserName,Grade) VALUES ( N'3994',3,8,N'林超',N'686C8595EEEC5940',N'林超',N'0');
INSERT INTO  Employee (EmployeeID,OrganizationNum,RoleNum,Account,Password,UserName,Grade,Address) VALUES ( N'1380',4,9,N'白力',N'686C8595EEEC5940',N'白力',N'1',N'配电班班长');
INSERT INTO  Employee (EmployeeID,OrganizationNum,RoleNum,Account,Password,UserName,Grade) VALUES ( N'1419',4,9,N'王新杰',N'686C8595EEEC5940',N'王新杰',N'0');
INSERT INTO  Employee (EmployeeID,OrganizationNum,RoleNum,Account,Password,UserName,Grade) VALUES ( N'3992',4,9,N'裴兴毅',N'686C8595EEEC5940',N'裴兴毅',N'0');
INSERT INTO  Employee (EmployeeID,OrganizationNum,RoleNum,Account,Password,UserName,Grade) VALUES ( N'1210',4,9,N'蔡继东',N'686C8595EEEC5940',N'蔡继东',N'0');
INSERT INTO  Employee (EmployeeID,OrganizationNum,RoleNum,Account,Password,UserName,Grade,Address) VALUES ( N'1581',2,1,N'王立军',N'686C8595EEEC5940',N'王立军',N'3',N'书记');
INSERT INTO  Employee (EmployeeID,OrganizationNum,RoleNum,Account,Password,UserName,Grade) VALUES ( N'3820',4,9,N'康海光',N'686C8595EEEC5940',N'康海光',N'0');
INSERT INTO  Employee (EmployeeID,OrganizationNum,RoleNum,Account,Password,UserName,Grade,Address) VALUES ( N'3885',5,9,N'孟磊',N'FBEFC7B695AFC338',N'孟磊',N'1',N'配电班班长');
INSERT INTO  Employee (EmployeeID,OrganizationNum,RoleNum,Account,Password,UserName,Grade) VALUES ( N'3931',5,9,N'高楠',N'686C8595EEEC5940',N'高楠',N'0');
INSERT INTO  Employee (EmployeeID,OrganizationNum,RoleNum,Account,Password,UserName,Grade) VALUES ( N'4026',5,9,N'李h',N'686C8595EEEC5940',N'李h',N'0');
INSERT INTO  Employee (EmployeeID,OrganizationNum,RoleNum,Account,Password,UserName,Grade) VALUES ( N'1420',5,9,N'辛晶',N'686C8595EEEC5940',N'辛晶',N'0');
INSERT INTO  Employee (EmployeeID,OrganizationNum,RoleNum,Account,Password,UserName,Grade) VALUES ( N'2540',5,9,N'刘朝江',N'686C8595EEEC5940',N'刘朝江',N'0');
INSERT INTO  Employee (EmployeeID,OrganizationNum,RoleNum,Account,Password,UserName,Grade) VALUES ( N'1426',5,9,N'程东生',N'686C8595EEEC5940',N'程东生',N'0');
INSERT INTO  Employee (EmployeeID,OrganizationNum,RoleNum,Account,Password,UserName,Grade) VALUES ( N'1422',5,9,N'赵鹏',N'686C8595EEEC5940',N'赵鹏',N'0');
INSERT INTO  Employee (EmployeeID,OrganizationNum,RoleNum,Account,Password,UserName,Grade) VALUES ( N'4007',10,2,N'杜晓晔',N'686C8595EEEC5940',N'杜晓晔',N'0');
INSERT INTO  Employee (EmployeeID,OrganizationNum,RoleNum,Account,Password,UserName,Grade,Address) VALUES ( N'1421',6,7,N'王国成',N'B285E8418C1E8110',N'王国成',N'1',N'通道班班长');
INSERT INTO  Employee (EmployeeID,OrganizationNum,RoleNum,Account,Password,UserName,Grade) VALUES ( N'3821',6,7,N'孙国翔',N'49717AF503342688C81A81598935D719',N'孙国翔',N'0');
INSERT INTO  Employee (EmployeeID,OrganizationNum,RoleNum,Account,Password,UserName,Grade) VALUES ( N'1905',6,7,N'李东',N'C45248F744BA870C',N'李东',N'0');
INSERT INTO  Employee (EmployeeID,OrganizationNum,RoleNum,Account,Password,UserName,Grade) VALUES ( N'3900',6,7,N'周昱虎',N'D96744C742FBDB7E57AE63DD0E48EB20',N'周昱虎',N'0');
INSERT INTO  Employee (EmployeeID,OrganizationNum,RoleNum,Account,Password,UserName,Grade) VALUES ( N'3884',6,7,N'王韶光',N'5323CD2F342F9CFB1E35AE3442E3C6CA',N'王韶光',N'0');
INSERT INTO  Employee (EmployeeID,OrganizationNum,RoleNum,Account,Password,UserName,Grade) VALUES ( N'2984',7,7,N'王彦龙',N'686C8595EEEC5940',N'王彦龙',N'1');
INSERT INTO  Employee (EmployeeID,OrganizationNum,RoleNum,Account,Password,UserName,Grade) VALUES ( N'3803',7,7,N'李乾',N'686C8595EEEC5940',N'李乾',N'0');
INSERT INTO  Employee (EmployeeID,OrganizationNum,RoleNum,Account,Password,UserName,Grade) VALUES ( N'1690',7,7,N'白彦辉',N'686C8595EEEC5940',N'白彦辉',N'0');
INSERT INTO  Employee (EmployeeID,OrganizationNum,RoleNum,Account,Password,UserName,Grade) VALUES ( N'3882',7,7,N'刘家晖',N'686C8595EEEC5940',N'刘家晖',N'0');
INSERT INTO  Employee (EmployeeID,OrganizationNum,RoleNum,Account,Password,UserName,Grade) VALUES ( N'3881',7,7,N'李晓东',N'686C8595EEEC5940',N'李晓东',N'0');
INSERT INTO  Employee (EmployeeID,OrganizationNum,RoleNum,Account,Password,UserName,Grade,Address) VALUES ( N'1613',10,2,N'许程',N'686C8595EEEC5940',N'许程',N'1',N'机具组班长');
INSERT INTO  Employee (EmployeeID,OrganizationNum,RoleNum,Account,Password,UserName,Grade) VALUES ( N'3878',10,2,N'张蝉',N'686C8595EEEC5940',N'张蝉',N'0');
INSERT INTO  Employee (EmployeeID,OrganizationNum,RoleNum,Account,Password,UserName,Grade,Address) VALUES ( N'0007',13,10,N'sa',N'C2B07B6E0F0EB9DC',N'sa',N'0',N'测绘局测绘系统--原超级管理员');
INSERT INTO  Employee (EmployeeID,OrganizationNum,RoleNum,Account,Password,UserName,Grade,Address) VALUES ( N'0013',6,7,N'董晓航',N'07CE5C0CD857C78C',N'董晓航',N'0',N'临时工');
INSERT INTO  Employee (EmployeeID,OrganizationNum,RoleNum,Account,Password,UserName,Grade,Address) VALUES ( N'0025',6,6,N'董旭坤',N'906AF266A0E1ABAB7975A71DDECCCDB5',N'董旭坤',N'0',N'临时工');
INSERT INTO  Employee (EmployeeID,OrganizationNum,RoleNum,Account,Password,UserName,Grade,Address) VALUES ( N'0030',13,10,N'张贝',N'5E3B30A29EAA5783DAFC6784100EB90A',N'张贝',N'0',N'临时工---辞退');
INSERT INTO  Employee (EmployeeID,OrganizationNum,RoleNum,Account,Password,UserName,Grade) VALUES ( N'0031',7,6,N'白艳辉',N'2CB8271B5E125723',N'白艳辉',N'0');
INSERT INTO  Employee (EmployeeID,OrganizationNum,RoleNum,Account,Password,UserName,Grade,Address) VALUES ( N'0034',7,6,N'孙志军',N'84B83920204C4EE5FFE4646EB9CEEBF0',N'孙志军',N'0',N'临时工');
INSERT INTO  Employee (EmployeeID,OrganizationNum,RoleNum,Account,Password,UserName,Grade,Address) VALUES ( N'0035',7,6,N'吴国栋',N'A84C955A3E849D52DFADC4679C7C445B',N'吴国栋',N'0',N'临时工');
INSERT INTO  Employee (EmployeeID,OrganizationNum,RoleNum,Account,Password,UserName,Grade,Address) VALUES ( N'0036',13,10,N'王万聚',N'B285E8418C1E8110',N'王万聚',N'0',N'临时工---辞退');
INSERT INTO  Employee (EmployeeID,OrganizationNum,RoleNum,Account,Password,UserName,Grade) VALUES ( N'3309',12,2,N'王慧明',N'686C8595EEEC5940',N'王慧明',N'3');
INSERT INTO  Employee (EmployeeID,OrganizationNum,RoleNum,Account,Password,UserName,Grade) VALUES ( N'9999',17,6,N'sjz_liuyp',N'950856815DBC677D9E2413021C629653',N'刘局',N'3');
INSERT INTO  Employee (EmployeeID,OrganizationNum,RoleNum,Account,Password,UserName,Grade,Address) VALUES ( N'0040',13,10,N'张书坡',N'4335F441C6E5B089',N'张书坡',N'0',N'临时工---辞退');
INSERT INTO  Employee (EmployeeID,OrganizationNum,RoleNum,Account,Password,UserName,Grade,Address) VALUES ( N'0044',4,6,N'许凯佳',N'EEE63D94C51782D9',N'许凯佳',N'0',N'临时工');
INSERT INTO  Employee (EmployeeID,OrganizationNum,RoleNum,Account,Password,UserName,Grade,Address) VALUES ( N'0046',3,6,N'王培',N'FBEFC7B695AFC338',N'王培',N'0',N'临时工');
INSERT INTO  Employee (EmployeeID,OrganizationNum,RoleNum,Account,Password,UserName,Grade,Address) VALUES ( N'0049',9,1,N'xiaowu',N'66AD825C0206EA75',N'吴俊伸',N'0',N'双凤');
INSERT INTO  Employee (EmployeeID,OrganizationNum,RoleNum,Account,Password,UserName,Grade,Address) VALUES ( N'0050',13,10,N'杨璇',N'7C0BD045786DFDA7',N'杨璇',N'0',N'临时工---辞退');
INSERT INTO  Employee (EmployeeID,OrganizationNum,RoleNum,Account,Password,UserName,Grade) VALUES ( N'0051',8,6,N'侯炳莹',N'686C8595EEEC5940',N'侯炳莹',N'0');
INSERT INTO  Employee (EmployeeID,OrganizationNum,RoleNum,Account,Password,UserName,Grade,Address) VALUES ( N'0052',8,6,N'宋路涛',N'D601B57AB324E9B1AC586CE9385B2BAB',N'宋路涛',N'0',N'恒通达');
INSERT INTO  Employee (EmployeeID,OrganizationNum,RoleNum,Account,Password,UserName,Grade,Address) VALUES ( N'0053',13,10,N'李毅',N'686C8595EEEC5940',N'李毅',N'0',N'万达');
INSERT INTO  Employee (EmployeeID,OrganizationNum,RoleNum,Account,Password,UserName,Grade,Address) VALUES ( N'0054',8,6,N'张明亮',N'48B3D46F423FFC2B',N'张明亮',N'0',N'万达');
INSERT INTO  Employee (EmployeeID,OrganizationNum,RoleNum,Account,Password,UserName,Grade) VALUES ( N'0001',17,2,N'sjz_wangy',N'1C4C042D28DA76E3358C082178548E9B',N'王局',N'3');
INSERT INTO  Employee (EmployeeID,OrganizationNum,RoleNum,Account,Password,UserName,Grade,Address) VALUES ( N'0056',13,10,N'董晓龙',N'ECA97A3277BF9099',N'董晓龙',N'0',N'临时工---辞退');
INSERT INTO  Employee (EmployeeID,OrganizationNum,RoleNum,Account,Password,UserName,Grade,Address) VALUES ( N'0057',13,10,N'匡俊男',N'686C8595EEEC5940',N'匡俊男',N'0',N'临时工---辞退');
INSERT INTO  Employee (EmployeeID,OrganizationNum,RoleNum,Account,Password,UserName,Grade,Address) VALUES ( N'0058',13,10,N'董晓桐',N'686C8595EEEC5940',N'董晓桐',N'0',N'临时工---辞退');
INSERT INTO  Employee (EmployeeID,OrganizationNum,RoleNum,Account,Password,UserName,Grade,Address) VALUES ( N'0059',8,6,N'蔡育才',N'686C8595EEEC5940',N'蔡育才',N'0',N'恒通达');
INSERT INTO  Employee (EmployeeID,OrganizationNum,RoleNum,Account,Password,UserName,Grade,Address) VALUES ( N'0060',8,6,N'牛韶霞',N'686C8595EEEC5940',N'牛韶霞',N'0',N'万达');
INSERT INTO  Employee (EmployeeID,OrganizationNum,RoleNum,Account,Password,UserName,Grade,Address) VALUES ( N'0061',13,10,N'吕冰婵',N'686C8595EEEC5940',N'吕冰婵',N'0',N'临时工---辞退');
INSERT INTO  Employee (EmployeeID,OrganizationNum,RoleNum,Account,Password,UserName,Grade,Address) VALUES ( N'0062',8,6,N'翟彦龙',N'686C8595EEEC5940',N'翟彦龙',N'0',N'恒通达');
INSERT INTO  Employee (EmployeeID,OrganizationNum,RoleNum,Account,Password,UserName,Grade,Address) VALUES ( N'0063',13,10,N'崔志军',N'686C8595EEEC5940',N'崔志军',N'0',N'临时工---辞退');
INSERT INTO  Employee (EmployeeID,OrganizationNum,RoleNum,Account,Password,UserName,Grade,MobilePhone,Address) VALUES ( N'3180',16,6,N'sjz_zhangb3',N'FBEFC7B695AFC338',N'张斌',N'2',N'66663203',N'经济技术研究所-副主任');
INSERT INTO  Employee (EmployeeID,OrganizationNum,RoleNum,Account,Password,UserName,Grade,MobilePhone,Address) VALUES ( N'4115',16,6,N'sjz_huog',N'FBEFC7B695AFC338',N'霍光',N'2',N'66663207',N'经济技术研究所-规划评审室主管');
INSERT INTO  Employee (EmployeeID,OrganizationNum,RoleNum,Account,Password,UserName,Grade) VALUES ( N'0067',9,9,N'br',N'66AD825C0206EA75',N'br',N'0');
INSERT INTO  Employee (EmployeeID,OrganizationNum,RoleNum,Account,Password,UserName,Grade,MobilePhone,Address) VALUES ( N'3936',16,6,N'sjz_wangt4',N'FBEFC7B695AFC338',N'王涛',N'2',N'66663208',N'经济技术研究所-电网规划');
INSERT INTO  Employee (EmployeeID,OrganizationNum,RoleNum,Account,Password,UserName,Grade,MobilePhone,Address) VALUES ( N'4111',16,6,N'sjz_cuilf1',N'FBEFC7B695AFC338',N'崔立飞',N'2',N'13703318102',N'经济技术研究所-配网规划专责');
INSERT INTO  Employee (EmployeeID,OrganizationNum,RoleNum,Account,Password,UserName,Grade,Address) VALUES ( N'LS01',7,7,N'王伟龙',N'686C8595EEEC5940',N'王伟龙',N'0',N'临时工-万达');
INSERT INTO  Employee (EmployeeID,OrganizationNum,RoleNum,Account,Password,UserName,Grade,MobilePhone,Address) VALUES ( N'3831',14,6,N'仇伟杰',N'686C8595EEEC5940',N'仇伟杰',N'0',N'13315129378',N'发展策划部-主任助理');
INSERT INTO  Employee (EmployeeID,OrganizationNum,RoleNum,Account,Password,UserName,Grade,Address) VALUES ( N'2587',15,6,N'赵会峰',N'FBEFC7B695AFC338',N'赵会峰',N'3',N'信息通信分公司-主任');
INSERT INTO  Employee (EmployeeID,OrganizationNum,RoleNum,Account,Password,UserName,Grade,MobilePhone,Address) VALUES ( N'3993',16,3,N'sjz_zhulq',N'686C8595EEEC5940',N'朱利强',N'2',N'66663219',N'经济技术研究所-配网规划专责');
INSERT INTO  Employee (EmployeeID,OrganizationNum,RoleNum,Account,Password,UserName,Grade,Address) VALUES ( N'1634',18,6,N'sjz_wangsm',N'FBEFC7B695AFC338',N'王素梅',N'3',N'设计院主任');
INSERT INTO  Employee (EmployeeID,OrganizationNum,RoleNum,Account,Password,UserName,Grade,MobilePhone,Address) VALUES ( N'3254',19,6,N'sjz_pany',N'FBEFC7B695AFC338',N'潘艳',N'2',N'13373319111',N'市场及大客户服务室-大客户经理');
INSERT INTO  Employee (EmployeeID,OrganizationNum,RoleNum,Account,Password,UserName,Grade,MobilePhone,Address) VALUES ( N'2986',19,6,N'sjz_lianys',N'FBEFC7B695AFC338',N'连轶松',N'2',N'13363886655',N'市场及大客户服务室-大客户经理');
INSERT INTO  Employee (EmployeeID,OrganizationNum,RoleNum,Account,Password,UserName,Grade,MobilePhone,Address) VALUES ( N'0475',19,6,N'yx_sjz_weizc',N'FBEFC7B695AFC338',N'魏振才',N'2',N'13363886880',N'市场及大客户服务室-大客户经理');
INSERT INTO  Employee (EmployeeID,OrganizationNum,RoleNum,Account,Password,UserName,Grade,MobilePhone,Address) VALUES ( N'3628',19,6,N'yx_sjz_huwj',N'FBEFC7B695AFC338',N'胡文娟',N'2',N'13932156660',N'市场及大客户服务室-大客户经理');
INSERT INTO  Employee (EmployeeID,OrganizationNum,RoleNum,Account,Password,UserName,Grade,MobilePhone,Address) VALUES ( N'3695',19,6,N'sjz_caohm1',N'FBEFC7B695AFC338',N'曹慧敏',N'2',N'13363118688',N'市场及大客户服务室-大客户经理');
INSERT INTO  Employee (EmployeeID,OrganizationNum,RoleNum,Account,Password,UserName,Grade,Address) VALUES ( N'0026',6,7,N'周冬冬',N'FBEFC7B695AFC338',N'周冬冬',N'0',N'临时工');
INSERT INTO  Employee (EmployeeID,OrganizationNum,RoleNum,Account,Password,UserName,Grade,MobilePhone,Address) VALUES ( N'4356',19,6,N'sjz_fub',N'686C8595EEEC5940',N'付蓓',N'2',N'15176435164',N'市场及大客户服务室大客户经理');
INSERT INTO  Employee (EmployeeID,OrganizationNum,RoleNum,Account,Password,UserName,Grade,MobilePhone) VALUES ( N'2746',15,6,N'sjz_zhangyh3',N'686C8595EEEC5940',N'张益辉',N'3',N'66666161');
INSERT INTO  Employee (EmployeeID,OrganizationNum,RoleNum,Account,Password,UserName,Grade,Address) VALUES ( N'1234',15,6,N'sjz_zhangy10',N'686C8595EEEC5940',N'张颖',N'2',N'信通临时用户');
INSERT INTO  Employee (EmployeeID,OrganizationNum,RoleNum,Account,Password,UserName,Grade,Address) VALUES ( N'0002',12,2,N'sjz_magl',N'686C8595EEEC5940',N'马国立',N'3',N'运维检修部主任');
INSERT INTO  Employee (EmployeeID,OrganizationNum,RoleNum,Account,Password,UserName,Grade) VALUES ( N'LS02',7,1,N'xg',N'56A5B711B3D252A1',N'高慧玲',N'1');
INSERT INTO  Employee (EmployeeID,OrganizationNum,RoleNum,Account,Password,UserName,Grade,MobilePhone,Address) VALUES ( N'3991',16,3,N'sjz_gengl',N'FBEFC7B695AFC338',N'耿亮',N'2',N'13315126632',N'经济技术研究所-配网规划专责');
INSERT INTO  Employee (EmployeeID,OrganizationNum,RoleNum,Account,Password,UserName,Grade,MobilePhone,Address) VALUES ( N'3908',16,6,N'sjz_baol',N'FBEFC7B695AFC338',N'包蕾',N'2',N'66663219',N'经济技术研究所-电网规划专责');
INSERT INTO  Employee (EmployeeID,OrganizationNum,RoleNum,Account,Password,UserName,Grade,MobilePhone,Address) VALUES ( N'3935',16,6,N'sjz_yuy',N'FBEFC7B695AFC338',N'于泳',N'2',N'13739736895',N'经济技术研究所-主网规划专责');
INSERT INTO  Employee (EmployeeID,OrganizationNum,RoleNum,Account,Password,UserName,Grade,MobilePhone,Address) VALUES ( N'3243',14,6,N'sjz_hyjl',N'FBEFC7B695AFC338',N'何银菊',N'0',N'13363886915',N'发展策划部-副主任');
INSERT INTO  Employee (EmployeeID,OrganizationNum,RoleNum,Account,Password,UserName,Grade,MobilePhone,Address) VALUES ( N'4085',14,3,N'sjz_lil',N'FBEFC7B695AFC338',N'李梁',N'0',N'18031168175',N'发展策划部-专责');
INSERT INTO  Employee (EmployeeID,OrganizationNum,RoleNum,Account,Password,UserName,Grade,MobilePhone,Address) VALUES ( N'3545',14,6,N'sjz_wangc1',N'FBEFC7B695AFC338',N'王聪',N'0',N'18931895712',N'发展策划部-专责');
INSERT INTO  Employee (EmployeeID,OrganizationNum,RoleNum,Account,Password,UserName,Grade,MobilePhone,Address) VALUES ( N'3367',14,6,N'sjz_dupy',N'FBEFC7B695AFC338',N'杜鹏宇',N'0',N'13363885169',N'发展策划部-专责');
INSERT INTO  Employee (EmployeeID,OrganizationNum,RoleNum,Account,Password,UserName,Grade,MobilePhone,Address) VALUES ( N'4168',19,3,N'sjz_sunqf',N'FBEFC7B695AFC338',N'孙其芳',N'3',N'6502',N'市场及大客户服务室-书记');
INSERT INTO  Employee (EmployeeID,OrganizationNum,RoleNum,Account,Password,UserName,Grade) VALUES ( N'3371',15,6,N'sjz_sunl2',N'686C8595EEEC5940',N'孙玲',N'0');
INSERT INTO  Employee (EmployeeID,OrganizationNum,RoleNum,Account,Password,UserName,Grade,MobilePhone,Address) VALUES ( N'0467',19,6,N'sjz_zhaow',N'FBEFC7B695AFC338',N'赵伟',N'3',N'13363886582',N'市场及大客户服务室-大客户经理');
INSERT INTO  Employee (EmployeeID,OrganizationNum,RoleNum,Account,Password,UserName,Grade,MobilePhone,Address) VALUES ( N'3267',19,6,N'sjz_jil',N'FBEFC7B695AFC338',N'汲蕾',N'3',N'6511',N'市场及大客户服务室-专责');
INSERT INTO  Employee (EmployeeID,OrganizationNum,RoleNum,Account,Password,UserName,Grade,MobilePhone,Address) VALUES ( N'3630',19,6,N'sjz_wangjz6',N'FBEFC7B695AFC338',N'王静哲',N'3',N'13363885659',N'市场及大客户服务室--副主任');
INSERT INTO  Employee (EmployeeID,OrganizationNum,RoleNum,Account,Password,UserName,Grade,MobilePhone,Address) VALUES ( N'1297',19,6,N'sjz_luyp',N'FBEFC7B695AFC338',N'陆友平',N'3',N'13315129121',N'市场及大客户服务室-大客户经理');


INSERT INTO  Company (CompanyNum,CompanyTypeID,CompanyName) VALUES ( 1,1,N'于立群');
INSERT INTO  Company (CompanyNum,CompanyTypeID,CompanyName,ContactPhone) VALUES ( 2,1,N'河北联谊监理公司：张志田13932155373',N'13932155373');
INSERT INTO  Company (CompanyNum,CompanyTypeID,CompanyName) VALUES ( 3,1,N'谢史、陈辉');
INSERT INTO  Company (CompanyNum,CompanyTypeID,CompanyName) VALUES ( 4,1,N'孟三');
INSERT INTO  Company (CompanyNum,CompanyTypeID,CompanyName) VALUES ( 5,1,N'王建军');
INSERT INTO  Company (CompanyNum,CompanyTypeID,CompanyName) VALUES ( 6,1,N'郑永军、王斌');
INSERT INTO  Company (CompanyNum,CompanyTypeID,CompanyName) VALUES ( 7,1,N'王芝伟');
INSERT INTO  Company (CompanyNum,CompanyTypeID,CompanyName) VALUES ( 8,1,N'李育红');
INSERT INTO  Company (CompanyNum,CompanyTypeID,CompanyName) VALUES ( 9,1,N'王玉贞');
INSERT INTO  Company (CompanyNum,CompanyTypeID,CompanyName) VALUES ( 10,1,N'于成福');
INSERT INTO  Company (CompanyNum,CompanyTypeID,CompanyName,ContactPhone) VALUES ( 11,1,N'张树国 13315970581 吕秀鹏',N'13315970581');
INSERT INTO  Company (CompanyNum,CompanyTypeID,CompanyName) VALUES ( 12,1,N'张计光');
INSERT INTO  Company (CompanyNum,CompanyTypeID,CompanyName) VALUES ( 13,1,N'卢国志');
INSERT INTO  Company (CompanyNum,CompanyTypeID,CompanyName) VALUES ( 14,1,N'陈其新');
INSERT INTO  Company (CompanyNum,CompanyTypeID,CompanyName) VALUES ( 15,1,N'姚建军');
INSERT INTO  Company (CompanyNum,CompanyTypeID,CompanyName) VALUES ( 16,1,N'王健茂');
INSERT INTO  Company (CompanyNum,CompanyTypeID,CompanyName,ContactPhone) VALUES ( 17,1,N'白蓉生  13012158080',N'13012158080');
INSERT INTO  Company (CompanyNum,CompanyTypeID,CompanyName) VALUES ( 18,1,N'王代远、陈立敏');
INSERT INTO  Company (CompanyNum,CompanyTypeID,CompanyName) VALUES ( 19,1,N'赵玉湖');
INSERT INTO  Company (CompanyNum,CompanyTypeID,CompanyName) VALUES ( 20,1,N'程慧');
INSERT INTO  Company (CompanyNum,CompanyTypeID,CompanyName) VALUES ( 21,1,N'郎永菲');
INSERT INTO  Company (CompanyNum,CompanyTypeID,CompanyName) VALUES ( 22,1,N'陈立敏');
INSERT INTO  Company (CompanyNum,CompanyTypeID,CompanyName) VALUES ( 23,1,N'赵萍；陈丽敏');
INSERT INTO  Company (CompanyNum,CompanyTypeID,CompanyName) VALUES ( 24,1,N'石家庄广信招标咨询有限公司');
INSERT INTO  Company (CompanyNum,CompanyTypeID,CompanyName) VALUES ( 25,1,N'赵萍');
INSERT INTO  Company (CompanyNum,CompanyTypeID,CompanyName) VALUES ( 26,1,N'思凯：王斌');
INSERT INTO  Company (CompanyNum,CompanyTypeID,CompanyName) VALUES ( 27,1,N'张朝晖');
INSERT INTO  Company (CompanyNum,CompanyTypeID,CompanyName) VALUES ( 28,1,N'刘钰、郭志良');
INSERT INTO  Company (CompanyNum,CompanyTypeID,CompanyName) VALUES ( 29,1,N'郎永菲（广信监理）、李文萍、杨凤军、沈彦强');
INSERT INTO  Company (CompanyNum,CompanyTypeID,CompanyName) VALUES ( 30,1,N'陈丽敏');
INSERT INTO  Company (CompanyNum,CompanyTypeID,CompanyName,ContactPhone) VALUES ( 31,1,N'孙应利 13363881920',N'13363881920');
INSERT INTO  Company (CompanyNum,CompanyTypeID,CompanyName) VALUES ( 32,1,N'史新民');
INSERT INTO  Company (CompanyNum,CompanyTypeID,CompanyName) VALUES ( 33,1,N'陈朝辉');
INSERT INTO  Company (CompanyNum,CompanyTypeID,CompanyName) VALUES ( 34,1,N'温利');
INSERT INTO  Company (CompanyNum,CompanyTypeID,CompanyName) VALUES ( 35,1,N'安晓杰');
INSERT INTO  Company (CompanyNum,CompanyTypeID,CompanyName) VALUES ( 36,1,N'鹏远');
INSERT INTO  Company (CompanyNum,CompanyTypeID,CompanyName) VALUES ( 37,1,N'陈斌');
INSERT INTO  Company (CompanyNum,CompanyTypeID,CompanyName) VALUES ( 38,1,N'常青');
INSERT INTO  Company (CompanyNum,CompanyTypeID,CompanyName) VALUES ( 39,1,N'王玉枝  陈丽敏');
INSERT INTO  Company (CompanyNum,CompanyTypeID,CompanyName) VALUES ( 40,1,N'于义富');
INSERT INTO  Company (CompanyNum,CompanyTypeID,CompanyName) VALUES ( 41,1,N'张庆昌');
INSERT INTO  Company (CompanyNum,CompanyTypeID,CompanyName) VALUES ( 42,1,N'王斌');
INSERT INTO  Company (CompanyNum,CompanyTypeID,CompanyName) VALUES ( 43,1,N'姜鹏');
INSERT INTO  Company (CompanyNum,CompanyTypeID,CompanyName) VALUES ( 44,1,N'赵平');
INSERT INTO  Company (CompanyNum,CompanyTypeID,CompanyName,ContactPhone) VALUES ( 45,1,N'广信监理公司：高翔13933126892',N'13933126892');
INSERT INTO  Company (CompanyNum,CompanyTypeID,CompanyName) VALUES ( 46,1,N'史志存');
INSERT INTO  Company (CompanyNum,CompanyTypeID,CompanyName) VALUES ( 47,1,N'李存德');
INSERT INTO  Company (CompanyNum,CompanyTypeID,CompanyName) VALUES ( 48,1,N'兴源');
INSERT INTO  Company (CompanyNum,CompanyTypeID,CompanyName) VALUES ( 49,1,N'环城分局');
INSERT INTO  Company (CompanyNum,CompanyTypeID,CompanyName) VALUES ( 50,1,N'陈朝晖');
INSERT INTO  Company (CompanyNum,CompanyTypeID,CompanyName) VALUES ( 51,1,N'兴源；孙景义');
INSERT INTO  Company (CompanyNum,CompanyTypeID,CompanyName) VALUES ( 52,1,N'严晨光、宋修彬');
INSERT INTO  Company (CompanyNum,CompanyTypeID,CompanyName) VALUES ( 53,1,N'刘钰');
INSERT INTO  Company (CompanyNum,CompanyTypeID,CompanyName) VALUES ( 54,1,N'夏晓庆');
INSERT INTO  Company (CompanyNum,CompanyTypeID,CompanyName) VALUES ( 55,1,N'刘鹏');
INSERT INTO  Company (CompanyNum,CompanyTypeID,CompanyName) VALUES ( 56,1,N'徐茂林');
INSERT INTO  Company (CompanyNum,CompanyTypeID,CompanyName) VALUES ( 57,1,N'史津存');
INSERT INTO  Company (CompanyNum,CompanyTypeID,CompanyName) VALUES ( 58,1,N'计划科、设计院（池）；石家庄市恒业监理公司：谢文斌');
INSERT INTO  Company (CompanyNum,CompanyTypeID,CompanyName,ContactPhone) VALUES ( 59,1,N'刘增军 13315129296',N'13315129296');
INSERT INTO  Company (CompanyNum,CompanyTypeID,CompanyName,ContactPhone) VALUES ( 60,1,N'郝会龙13171568638',N'13171568638');
INSERT INTO  Company (CompanyNum,CompanyTypeID,CompanyName) VALUES ( 61,1,N'安晓杰、陈慧');
INSERT INTO  Company (CompanyNum,CompanyTypeID,CompanyName) VALUES ( 62,1,N'兴源（陈）');
INSERT INTO  Company (CompanyNum,CompanyTypeID,CompanyName) VALUES ( 63,1,N'于成富、程惠');
INSERT INTO  Company (CompanyNum,CompanyTypeID,CompanyName) VALUES ( 64,1,N'王滨');
INSERT INTO  Company (CompanyNum,CompanyTypeID,CompanyName) VALUES ( 65,1,N'于立群 刘斌 李浑代');
INSERT INTO  Company (CompanyNum,CompanyTypeID,CompanyName) VALUES ( 66,1,N'吉东荣');
INSERT INTO  Company (CompanyNum,CompanyTypeID,CompanyName) VALUES ( 67,1,N'黄志安');
INSERT INTO  Company (CompanyNum,CompanyTypeID,CompanyName) VALUES ( 68,2,N'鹏远将国平');
INSERT INTO  Company (CompanyNum,CompanyTypeID,CompanyName) VALUES ( 69,2,N'盛大市政 李广志');
INSERT INTO  Company (CompanyNum,CompanyTypeID,CompanyName) VALUES ( 70,2,N':用户自建：张震林；思凯：王斌');
INSERT INTO  Company (CompanyNum,CompanyTypeID,CompanyName) VALUES ( 71,2,N'￥150*3*4排管  施工单位 ：供电局劳动服务公司');
INSERT INTO  Company (CompanyNum,CompanyTypeID,CompanyName) VALUES ( 72,2,N'1#-2#井为思凯：苏维春；排管：用户自建：孙培基');
INSERT INTO  Company (CompanyNum,CompanyTypeID,CompanyName) VALUES ( 73,2,N'1#-环网为思凯电力：刘志民、苏维春13363885909；环网-箱变为：劳服：孙越国1383232');
INSERT INTO  Company (CompanyNum,CompanyTypeID,CompanyName) VALUES ( 74,2,N'4标：思凯建筑公司；5标：河北宏远：6标：市政机械公司  孟志伟：13933137600、1311');
INSERT INTO  Company (CompanyNum,CompanyTypeID,CompanyName) VALUES ( 75,2,N'50-70、47-49#之间为鹏远施工李志新：13315125096，原有井至47#为王占元修 13');
INSERT INTO  Company (CompanyNum,CompanyTypeID,CompanyName,ContactPhone) VALUES ( 76,2,N'百宏电力 杨永峰 18932721990',N'18932721990');
INSERT INTO  Company (CompanyNum,CompanyTypeID,CompanyName,ContactPhone) VALUES ( 77,2,N'蔡树涛13613118233；王玉贞',N'13613118233');
INSERT INTO  Company (CompanyNum,CompanyTypeID,CompanyName,ContactPhone) VALUES ( 78,2,N'曹13582326935',N'13582326935');
INSERT INTO  Company (CompanyNum,CompanyTypeID,CompanyName) VALUES ( 79,2,N'常青');
INSERT INTO  Company (CompanyNum,CompanyTypeID,CompanyName) VALUES ( 80,2,N'陈文超');
INSERT INTO  Company (CompanyNum,CompanyTypeID,CompanyName) VALUES ( 81,2,N'陈文建');
INSERT INTO  Company (CompanyNum,CompanyTypeID,CompanyName,ContactPhone) VALUES ( 82,2,N'陈文建：13963115092',N'13963115092');
INSERT INTO  Company (CompanyNum,CompanyTypeID,CompanyName) VALUES ( 83,2,N'陈智慧');
INSERT INTO  Company (CompanyNum,CompanyTypeID,CompanyName) VALUES ( 84,2,N'城管：冯');
INSERT INTO  Company (CompanyNum,CompanyTypeID,CompanyName) VALUES ( 85,2,N'城管局 冯永平');
INSERT INTO  Company (CompanyNum,CompanyTypeID,CompanyName) VALUES ( 86,2,N'城投 施耐德');
INSERT INTO  Company (CompanyNum,CompanyTypeID,CompanyName) VALUES ( 87,2,N'崔保瑞');
INSERT INTO  Company (CompanyNum,CompanyTypeID,CompanyName,ContactPhone) VALUES ( 88,2,N'崔平春13613116160',N'13613116160');
INSERT INTO  Company (CompanyNum,CompanyTypeID,CompanyName) VALUES ( 89,2,N'道桥 李红阁转给史国庆');
INSERT INTO  Company (CompanyNum,CompanyTypeID,CompanyName) VALUES ( 90,2,N'道桥2公司：可跃进13930490166；远大市政：李连栋13292870206；北一标；北二标');
INSERT INTO  Company (CompanyNum,CompanyTypeID,CompanyName,ContactPhone) VALUES ( 91,2,N'道桥八公司：张树国 13315970581',N'13315970581');
INSERT INTO  Company (CompanyNum,CompanyTypeID,CompanyName) VALUES ( 92,2,N'道桥二和道桥三');
INSERT INTO  Company (CompanyNum,CompanyTypeID,CompanyName) VALUES ( 93,2,N'道桥七公司');
INSERT INTO  Company (CompanyNum,CompanyTypeID,CompanyName,ContactPhone) VALUES ( 94,2,N'道桥三   13630837419',N'13630837419');
INSERT INTO  Company (CompanyNum,CompanyTypeID,CompanyName) VALUES ( 95,2,N'道桥三公司 道桥四公司');
INSERT INTO  Company (CompanyNum,CompanyTypeID,CompanyName) VALUES ( 96,2,N'道桥三公司；佳通市政');
INSERT INTO  Company (CompanyNum,CompanyTypeID,CompanyName) VALUES ( 97,2,N'道桥三建，排水六公司，道桥二建');
INSERT INTO  Company (CompanyNum,CompanyTypeID,CompanyName) VALUES ( 98,2,N'道桥四公司；杨永森队');
INSERT INTO  Company (CompanyNum,CompanyTypeID,CompanyName,ContactPhone) VALUES ( 99,2,N'道桥五  冯  13315970958',N'13315970958');
INSERT INTO  Company (CompanyNum,CompanyTypeID,CompanyName,ContactPhone) VALUES ( 100,2,N'道桥五公司石鸣13315970263',N'13315970263');
INSERT INTO  Company (CompanyNum,CompanyTypeID,CompanyName) VALUES ( 101,2,N'道桥一');
INSERT INTO  Company (CompanyNum,CompanyTypeID,CompanyName) VALUES ( 102,2,N'道桥一   (王显华)');
INSERT INTO  Company (CompanyNum,CompanyTypeID,CompanyName,ContactPhone) VALUES ( 103,2,N'道桥一：王先华13931159768',N'13931159768');
INSERT INTO  Company (CompanyNum,CompanyTypeID,CompanyName) VALUES ( 104,2,N'道桥一公司');
INSERT INTO  Company (CompanyNum,CompanyTypeID,CompanyName,ContactPhone) VALUES ( 105,2,N'道桥一朱13013234072；院内排管：张自强（强力队）；用户自建',N'13013234072');
INSERT INTO  Company (CompanyNum,CompanyTypeID,CompanyName) VALUES ( 106,2,N'德诚建筑：苏玉楼');
INSERT INTO  Company (CompanyNum,CompanyTypeID,CompanyName,ContactPhone) VALUES ( 107,2,N'地铁：13363886067',N'13363886067');
INSERT INTO  Company (CompanyNum,CompanyTypeID,CompanyName) VALUES ( 108,2,N'电缆工区 张树果');
INSERT INTO  Company (CompanyNum,CompanyTypeID,CompanyName) VALUES ( 109,2,N'电缆工区：张树果');
INSERT INTO  Company (CompanyNum,CompanyTypeID,CompanyName) VALUES ( 110,2,N'电缆运检中心（恒通达队）');
INSERT INTO  Company (CompanyNum,CompanyTypeID,CompanyName) VALUES ( 111,2,N'电力运检室（恒通达）');
INSERT INTO  Company (CompanyNum,CompanyTypeID,CompanyName,ContactPhone) VALUES ( 112,2,N'顶管至环网为：用户自建，赵晰；环网至配电室为：用户自建，慧光电力孟少雄13363884448',N'13363884448');
INSERT INTO  Company (CompanyNum,CompanyTypeID,CompanyName) VALUES ( 113,2,N'东二环-谈固东街（陈文建）谈固东街-卓达菜市场（孙海波）卓达菜市场-翟营大街（赵希）');
INSERT INTO  Company (CompanyNum,CompanyTypeID,CompanyName) VALUES ( 114,2,N'董会安');
INSERT INTO  Company (CompanyNum,CompanyTypeID,CompanyName) VALUES ( 115,2,N'董新友');
INSERT INTO  Company (CompanyNum,CompanyTypeID,CompanyName) VALUES ( 116,2,N'二环路市政：82974221');
INSERT INTO  Company (CompanyNum,CompanyTypeID,CompanyName,ContactPhone) VALUES ( 117,2,N'冯永吉15533966973',N'15533966973');
INSERT INTO  Company (CompanyNum,CompanyTypeID,CompanyName) VALUES ( 118,2,N'冯永平');
INSERT INTO  Company (CompanyNum,CompanyTypeID,CompanyName) VALUES ( 119,2,N'冯有平');
INSERT INTO  Company (CompanyNum,CompanyTypeID,CompanyName) VALUES ( 120,2,N'冯志坤');
INSERT INTO  Company (CompanyNum,CompanyTypeID,CompanyName) VALUES ( 121,2,N'高新建设局  王军 13731132229  ；进环网：中磊 宋修彬15100165066');
INSERT INTO  Company (CompanyNum,CompanyTypeID,CompanyName) VALUES ( 122,2,N'高新开发区供排水公司（用户自建）王新民：13131135466  王军：137311322');
INSERT INTO  Company (CompanyNum,CompanyTypeID,CompanyName) VALUES ( 123,2,N'根深蒂固');
INSERT INTO  Company (CompanyNum,CompanyTypeID,CompanyName) VALUES ( 124,2,N'工程班');
INSERT INTO  Company (CompanyNum,CompanyTypeID,CompanyName) VALUES ( 125,2,N'供电局建筑公司     用电处');
INSERT INTO  Company (CompanyNum,CompanyTypeID,CompanyName) VALUES ( 126,2,N'供电局老干部科');
INSERT INTO  Company (CompanyNum,CompanyTypeID,CompanyName) VALUES ( 127,2,N'供排水公司');
INSERT INTO  Company (CompanyNum,CompanyTypeID,CompanyName) VALUES ( 128,2,N'供用电');
INSERT INTO  Company (CompanyNum,CompanyTypeID,CompanyName) VALUES ( 129,2,N'供用电    孙英利');
INSERT INTO  Company (CompanyNum,CompanyTypeID,CompanyName,ContactPhone) VALUES ( 130,2,N'供用电  京北安装队   郭玉刚：13903310940',N'13903310940');
INSERT INTO  Company (CompanyNum,CompanyTypeID,CompanyName) VALUES ( 131,2,N'供用电  利达队 孙英利');
INSERT INTO  Company (CompanyNum,CompanyTypeID,CompanyName) VALUES ( 132,2,N'供用电  赵熙');
INSERT INTO  Company (CompanyNum,CompanyTypeID,CompanyName) VALUES ( 133,2,N'供用电 耿二朝');
INSERT INTO  Company (CompanyNum,CompanyTypeID,CompanyName,ContactPhone) VALUES ( 134,2,N'供用电 郭立伟13363885236',N'13363885236');
INSERT INTO  Company (CompanyNum,CompanyTypeID,CompanyName) VALUES ( 135,2,N'供用电 孙英利');
INSERT INTO  Company (CompanyNum,CompanyTypeID,CompanyName,ContactPhone) VALUES ( 136,2,N'供用电 张红波（13363887150）',N'13363887150');
INSERT INTO  Company (CompanyNum,CompanyTypeID,CompanyName) VALUES ( 137,2,N'供用电（冯永平） 思凯');
INSERT INTO  Company (CompanyNum,CompanyTypeID,CompanyName,ContactPhone) VALUES ( 138,2,N'供用电（唐欣）郭玉江：13180447570',N'13180447570');
INSERT INTO  Company (CompanyNum,CompanyTypeID,CompanyName) VALUES ( 139,2,N'供用电：钮兴权、王利国');
INSERT INTO  Company (CompanyNum,CompanyTypeID,CompanyName) VALUES ( 140,2,N'供用电：钮兴权13315125053王利国15081891809');
INSERT INTO  Company (CompanyNum,CompanyTypeID,CompanyName) VALUES ( 141,2,N'供用电：王宏松');
INSERT INTO  Company (CompanyNum,CompanyTypeID,CompanyName) VALUES ( 142,2,N'供用电：王建军');
INSERT INTO  Company (CompanyNum,CompanyTypeID,CompanyName) VALUES ( 143,2,N'供用电：王建军    王宏松');
INSERT INTO  Company (CompanyNum,CompanyTypeID,CompanyName) VALUES ( 144,2,N'供用电：夏');
INSERT INTO  Company (CompanyNum,CompanyTypeID,CompanyName,ContactPhone) VALUES ( 145,2,N'供用电：夏宏涛18503110589',N'18503110589');
INSERT INTO  Company (CompanyNum,CompanyTypeID,CompanyName) VALUES ( 146,2,N'供用电：杨华');
INSERT INTO  Company (CompanyNum,CompanyTypeID,CompanyName,ContactPhone) VALUES ( 147,2,N'供用电：杨华；曹立丰15533936919',N'15533936919');
INSERT INTO  Company (CompanyNum,CompanyTypeID,CompanyName,ContactPhone) VALUES ( 148,2,N'供用电：杨华；郭立伟：13363886488',N'13363886488');
INSERT INTO  Company (CompanyNum,CompanyTypeID,CompanyName,ContactPhone) VALUES ( 149,2,N'供用电：杨华；利达队：孙英利13363881970',N'13363881970');
INSERT INTO  Company (CompanyNum,CompanyTypeID,CompanyName) VALUES ( 150,2,N'供用电：张波、夏小庆');
INSERT INTO  Company (CompanyNum,CompanyTypeID,CompanyName,ContactPhone) VALUES ( 151,2,N'供用电；董俊芝13032639281',N'13032639281');
INSERT INTO  Company (CompanyNum,CompanyTypeID,CompanyName) VALUES ( 152,2,N'供用电公司');
INSERT INTO  Company (CompanyNum,CompanyTypeID,CompanyName,ContactPhone) VALUES ( 153,2,N'供用电公司王宏松；院内李英乐18931865676；用户自建',N'18931865676');
INSERT INTO  Company (CompanyNum,CompanyTypeID,CompanyName) VALUES ( 154,2,N'供用电王宏松');
INSERT INTO  Company (CompanyNum,CompanyTypeID,CompanyName) VALUES ( 155,2,N'供用电王建军');
INSERT INTO  Company (CompanyNum,CompanyTypeID,CompanyName) VALUES ( 156,2,N'供用电王建军 夏晓庆');
INSERT INTO  Company (CompanyNum,CompanyTypeID,CompanyName) VALUES ( 157,2,N'供用电修');
INSERT INTO  Company (CompanyNum,CompanyTypeID,CompanyName) VALUES ( 158,2,N'供用电杨华（双凤）');
INSERT INTO  Company (CompanyNum,CompanyTypeID,CompanyName) VALUES ( 159,2,N'供用电杨华（赵庆海）');
INSERT INTO  Company (CompanyNum,CompanyTypeID,CompanyName) VALUES ( 160,2,N'供用电张波  夏晓庆');
INSERT INTO  Company (CompanyNum,CompanyTypeID,CompanyName) VALUES ( 161,2,N'供用电兆江电力  刘芸13363880709 （兆江电力有限公司)王江松13363881960');
INSERT INTO  Company (CompanyNum,CompanyTypeID,CompanyName) VALUES ( 162,2,N'共用电公司张波');
INSERT INTO  Company (CompanyNum,CompanyTypeID,CompanyName) VALUES ( 163,2,N'共用电张波 夏晓庆');
INSERT INTO  Company (CompanyNum,CompanyTypeID,CompanyName,ContactPhone) VALUES ( 164,2,N'广电：温玉鹏13363860109',N'13363860109');
INSERT INTO  Company (CompanyNum,CompanyTypeID,CompanyName) VALUES ( 165,2,N'海华电力：用户自建（李彦辉、孙英利）');
INSERT INTO  Company (CompanyNum,CompanyTypeID,CompanyName,ContactPhone) VALUES ( 166,2,N'河北长城建设集团：李文英13933873921',N'13933873921');
INSERT INTO  Company (CompanyNum,CompanyTypeID,CompanyName) VALUES ( 167,2,N'河北城发市政工程有限公司，石家庄排水总公司4分部');
INSERT INTO  Company (CompanyNum,CompanyTypeID,CompanyName,ContactPhone) VALUES ( 168,2,N'河北电建一公司：李栋15830689620',N'15830689620');
INSERT INTO  Company (CompanyNum,CompanyTypeID,CompanyName) VALUES ( 169,2,N'河北红运建筑安装公司');
INSERT INTO  Company (CompanyNum,CompanyTypeID,CompanyName) VALUES ( 170,2,N'河北宏远建筑安装有限公司');
INSERT INTO  Company (CompanyNum,CompanyTypeID,CompanyName) VALUES ( 171,2,N'河北华鹏');
INSERT INTO  Company (CompanyNum,CompanyTypeID,CompanyName) VALUES ( 172,2,N'河北华鹏建筑安装工程有限公司');
INSERT INTO  Company (CompanyNum,CompanyTypeID,CompanyName,ContactPhone) VALUES ( 173,2,N'河北华鹏建筑公司：韩英喜13230170956',N'13230170956');
INSERT INTO  Company (CompanyNum,CompanyTypeID,CompanyName) VALUES ( 174,2,N'河北凯舟电力工程有限公司');
INSERT INTO  Company (CompanyNum,CompanyTypeID,CompanyName) VALUES ( 175,2,N'河北科工');
INSERT INTO  Company (CompanyNum,CompanyTypeID,CompanyName) VALUES ( 176,2,N'河北乾荣城市建设有限公司');
INSERT INTO  Company (CompanyNum,CompanyTypeID,CompanyName,ContactPhone) VALUES ( 177,2,N'河北仁和：王占元13603393739',N'13603393739');
INSERT INTO  Company (CompanyNum,CompanyTypeID,CompanyName,ContactPhone) VALUES ( 178,2,N'河北唐尧建筑公司  王占元13630151708   王建茂',N'13630151708');
INSERT INTO  Company (CompanyNum,CompanyTypeID,CompanyName) VALUES ( 179,2,N'河北新大地  李国凯');
INSERT INTO  Company (CompanyNum,CompanyTypeID,CompanyName) VALUES ( 181,2,N'河北煜林建筑工程有限公司');
INSERT INTO  Company (CompanyNum,CompanyTypeID,CompanyName,ContactPhone) VALUES ( 182,2,N'河北源丰  房光明：13931862767',N'13931862767');
INSERT INTO  Company (CompanyNum,CompanyTypeID,CompanyName,ContactPhone) VALUES ( 183,2,N'恒光；曹雪芳13363885238',N'13363885238');
INSERT INTO  Company (CompanyNum,CompanyTypeID,CompanyName,ContactPhone) VALUES ( 184,2,N'恒光电器  郭立伟13363885236',N'13363885236');
INSERT INTO  Company (CompanyNum,CompanyTypeID,CompanyName) VALUES ( 185,2,N'恒通达');
INSERT INTO  Company (CompanyNum,CompanyTypeID,CompanyName,ContactPhone) VALUES ( 186,2,N'恒通达 ：陈志辉13363885278',N'13363885278');
INSERT INTO  Company (CompanyNum,CompanyTypeID,CompanyName,ContactPhone) VALUES ( 187,2,N'恒通达 王海颜13315129225',N'13315129225');
INSERT INTO  Company (CompanyNum,CompanyTypeID,CompanyName,ContactPhone) VALUES ( 188,2,N'恒通达：张学13363885272',N'13363885272');
INSERT INTO  Company (CompanyNum,CompanyTypeID,CompanyName) VALUES ( 189,2,N'恒通达；用户自建');
INSERT INTO  Company (CompanyNum,CompanyTypeID,CompanyName) VALUES ( 190,2,N'恒通达安装工程有限公司');
INSERT INTO  Company (CompanyNum,CompanyTypeID,CompanyName,ContactPhone) VALUES ( 191,2,N'宏建、用户自建、刘增军（13315129296）',N'13315129296');
INSERT INTO  Company (CompanyNum,CompanyTypeID,CompanyName) VALUES ( 192,2,N'宏建电力：黄志安');
INSERT INTO  Company (CompanyNum,CompanyTypeID,CompanyName,ContactPhone) VALUES ( 193,2,N'宏建电力：宋秀珍13315129291',N'13315129291');
INSERT INTO  Company (CompanyNum,CompanyTypeID,CompanyName) VALUES ( 194,2,N'宏建电力公司：刘增军13315129296；鹏远：檀拥军13315129691');
INSERT INTO  Company (CompanyNum,CompanyTypeID,CompanyName) VALUES ( 195,2,N'华电（电缆运检室）');
INSERT INTO  Company (CompanyNum,CompanyTypeID,CompanyName,ContactPhone) VALUES ( 196,2,N'华鹏电力（用户自建）张树国13315970581',N'13315970581');
INSERT INTO  Company (CompanyNum,CompanyTypeID,CompanyName) VALUES ( 197,2,N'华鹏队');
INSERT INTO  Company (CompanyNum,CompanyTypeID,CompanyName,ContactPhone) VALUES ( 198,2,N'华鹏公司、丁保合13932195529',N'13932195529');
INSERT INTO  Company (CompanyNum,CompanyTypeID,CompanyName,ContactPhone) VALUES ( 199,2,N'华鹏建筑安装工程公司 丁保合13932195529',N'13932195529');
INSERT INTO  Company (CompanyNum,CompanyTypeID,CompanyName,ContactPhone) VALUES ( 200,2,N'华鹏建筑安装公司：丁保合13932195529；丰瑞建筑安装公司；供用电',N'13932195529');
INSERT INTO  Company (CompanyNum,CompanyTypeID,CompanyName) VALUES ( 201,2,N'华夏房地产');
INSERT INTO  Company (CompanyNum,CompanyTypeID,CompanyName,ContactPhone) VALUES ( 202,2,N'环城分局  张新设 13933091083',N'13933091083');
INSERT INTO  Company (CompanyNum,CompanyTypeID,CompanyName) VALUES ( 203,2,N'环城分局（能威特）');
INSERT INTO  Company (CompanyNum,CompanyTypeID,CompanyName,ContactPhone) VALUES ( 204,2,N'环城分局（万达电力）孙 15350535317',N'15350535317');
INSERT INTO  Company (CompanyNum,CompanyTypeID,CompanyName,ContactPhone) VALUES ( 205,2,N'环路市政   吕雪鹏13832393939',N'13832393939');
INSERT INTO  Company (CompanyNum,CompanyTypeID,CompanyName) VALUES ( 206,2,N'环路市政：王艳敏');
INSERT INTO  Company (CompanyNum,CompanyTypeID,CompanyName) VALUES ( 207,2,N'环路市政公司');
INSERT INTO  Company (CompanyNum,CompanyTypeID,CompanyName,ContactPhone) VALUES ( 208,2,N'环路市政公司     刘占猛        13331398362',N'13331398362');
INSERT INTO  Company (CompanyNum,CompanyTypeID,CompanyName,ContactPhone) VALUES ( 209,2,N'基建部：夏晓庆13703210184',N'13703210184');
INSERT INTO  Company (CompanyNum,CompanyTypeID,CompanyName) VALUES ( 210,2,N'基建部：杨晓亮');
INSERT INTO  Company (CompanyNum,CompanyTypeID,CompanyName) VALUES ( 211,2,N'建工集团');
INSERT INTO  Company (CompanyNum,CompanyTypeID,CompanyName) VALUES ( 212,2,N'建筑公司 ：吕雪鹏、赵玉龙');
INSERT INTO  Company (CompanyNum,CompanyTypeID,CompanyName) VALUES ( 213,2,N'建筑公司 王滨');
INSERT INTO  Company (CompanyNum,CompanyTypeID,CompanyName,ContactPhone) VALUES ( 214,2,N'建筑公司(思凯王斌)郑建泼(13011590590)',N'13011590590');
INSERT INTO  Company (CompanyNum,CompanyTypeID,CompanyName,ContactPhone) VALUES ( 215,2,N'建筑公司：苏维春15030181666',N'15030181666');
INSERT INTO  Company (CompanyNum,CompanyTypeID,CompanyName) VALUES ( 216,2,N'建筑公司：王斌、刑建虎');
INSERT INTO  Company (CompanyNum,CompanyTypeID,CompanyName,ContactPhone) VALUES ( 217,2,N'杰成房地产  陈安明 13303030212',N'13303030212');
INSERT INTO  Company (CompanyNum,CompanyTypeID,CompanyName) VALUES ( 218,2,N'杰诚电力');
INSERT INTO  Company (CompanyNum,CompanyTypeID,CompanyName,ContactPhone) VALUES ( 219,2,N'杰诚电力王利强13303030210',N'13303030210');
INSERT INTO  Company (CompanyNum,CompanyTypeID,CompanyName) VALUES ( 220,2,N'金环市政 林增朝');
INSERT INTO  Company (CompanyNum,CompanyTypeID,CompanyName,ContactPhone) VALUES ( 221,2,N'金环市政 林增朝13803390351',N'13803390351');
INSERT INTO  Company (CompanyNum,CompanyTypeID,CompanyName) VALUES ( 222,2,N'金龙建安公司');
INSERT INTO  Company (CompanyNum,CompanyTypeID,CompanyName) VALUES ( 223,2,N'金龙建安公司：鲍问民');
INSERT INTO  Company (CompanyNum,CompanyTypeID,CompanyName) VALUES ( 224,2,N'京华电气：赵');
INSERT INTO  Company (CompanyNum,CompanyTypeID,CompanyName) VALUES ( 225,2,N'局总务科');
INSERT INTO  Company (CompanyNum,CompanyTypeID,CompanyName) VALUES ( 226,2,N'开发局：苏玉楼');
INSERT INTO  Company (CompanyNum,CompanyTypeID,CompanyName) VALUES ( 227,2,N'开发区（崔）');
INSERT INTO  Company (CompanyNum,CompanyTypeID,CompanyName,ContactPhone) VALUES ( 228,2,N'开发区电业局  王勇   13363886388',N'13363886388');
INSERT INTO  Company (CompanyNum,CompanyTypeID,CompanyName,ContactPhone) VALUES ( 229,2,N'开发区管委会:姚奇13832368601',N'13832368601');
INSERT INTO  Company (CompanyNum,CompanyTypeID,CompanyName,ContactPhone) VALUES ( 230,2,N'开发区建设局；双凤：石新志18730194821',N'18730194821');
INSERT INTO  Company (CompanyNum,CompanyTypeID,CompanyName) VALUES ( 231,2,N'开发区局：王勇；建工集团：李双会');
INSERT INTO  Company (CompanyNum,CompanyTypeID,CompanyName,ContactPhone) VALUES ( 232,2,N'开发区市政设施管理处 李汉青 15003115777',N'15003115777');
INSERT INTO  Company (CompanyNum,CompanyTypeID,CompanyName) VALUES ( 233,2,N'开发区裕华分局');
INSERT INTO  Company (CompanyNum,CompanyTypeID,CompanyName) VALUES ( 234,2,N'康书贵；周晓红；供用电');
INSERT INTO  Company (CompanyNum,CompanyTypeID,CompanyName) VALUES ( 235,2,N'拉管：冯有平 张树国  直埋：赵景卫');
INSERT INTO  Company (CompanyNum,CompanyTypeID,CompanyName) VALUES ( 236,2,N'劳服');
INSERT INTO  Company (CompanyNum,CompanyTypeID,CompanyName,ContactPhone) VALUES ( 237,2,N'劳服    张树国：13315970581',N'13315970581');
INSERT INTO  Company (CompanyNum,CompanyTypeID,CompanyName) VALUES ( 238,2,N'劳服 (强力队)');
INSERT INTO  Company (CompanyNum,CompanyTypeID,CompanyName) VALUES ( 239,2,N'劳服 吉东荣');
INSERT INTO  Company (CompanyNum,CompanyTypeID,CompanyName) VALUES ( 240,2,N'劳服 李志新');
INSERT INTO  Company (CompanyNum,CompanyTypeID,CompanyName,ContactPhone) VALUES ( 241,2,N'劳服 刘风利13323211112',N'13323211112');
INSERT INTO  Company (CompanyNum,CompanyTypeID,CompanyName) VALUES ( 242,2,N'劳服(二十里铺：张)；鹏远');
INSERT INTO  Company (CompanyNum,CompanyTypeID,CompanyName) VALUES ( 243,2,N'劳服（吉东荣）');
INSERT INTO  Company (CompanyNum,CompanyTypeID,CompanyName) VALUES ( 244,2,N'劳服（强力队）');
INSERT INTO  Company (CompanyNum,CompanyTypeID,CompanyName) VALUES ( 245,2,N'劳服（宋铁军）');
INSERT INTO  Company (CompanyNum,CompanyTypeID,CompanyName) VALUES ( 246,2,N'劳服、鹏远');
INSERT INTO  Company (CompanyNum,CompanyTypeID,CompanyName) VALUES ( 247,2,N'劳服：郝志（李慧敏）');
INSERT INTO  Company (CompanyNum,CompanyTypeID,CompanyName) VALUES ( 248,2,N'劳服：吉东荣');
INSERT INTO  Company (CompanyNum,CompanyTypeID,CompanyName,ContactPhone) VALUES ( 249,2,N'劳服：李建军13903115219',N'13903115219');
INSERT INTO  Company (CompanyNum,CompanyTypeID,CompanyName) VALUES ( 250,2,N'劳服：李玉明');
INSERT INTO  Company (CompanyNum,CompanyTypeID,CompanyName) VALUES ( 251,2,N'劳服：李志新、刘增军');
INSERT INTO  Company (CompanyNum,CompanyTypeID,CompanyName) VALUES ( 252,2,N'劳服：鹏远（吉东荣）');
INSERT INTO  Company (CompanyNum,CompanyTypeID,CompanyName) VALUES ( 253,2,N'劳服：于立群；亚威市政：李广志、齐立波');
INSERT INTO  Company (CompanyNum,CompanyTypeID,CompanyName) VALUES ( 254,2,N'劳服：于立群；亚威市政：齐立波');
INSERT INTO  Company (CompanyNum,CompanyTypeID,CompanyName) VALUES ( 255,2,N'劳服：于立群；亚伟市政：于立波');
INSERT INTO  Company (CompanyNum,CompanyTypeID,CompanyName) VALUES ( 256,2,N'劳服：赵维秋（13315120583）赵广军（15030189666）');
INSERT INTO  Company (CompanyNum,CompanyTypeID,CompanyName,ContactPhone) VALUES ( 257,2,N'劳服：赵维秋；冀城工程：鲍志慧18932939139',N'18932939139');
INSERT INTO  Company (CompanyNum,CompanyTypeID,CompanyName) VALUES ( 258,2,N'劳服；鹏远：夏晓庆');
INSERT INTO  Company (CompanyNum,CompanyTypeID,CompanyName,ContactPhone) VALUES ( 259,2,N'劳服冯学军13363881613',N'13363881613');
INSERT INTO  Company (CompanyNum,CompanyTypeID,CompanyName) VALUES ( 260,2,N'李二良');
INSERT INTO  Company (CompanyNum,CompanyTypeID,CompanyName) VALUES ( 261,2,N'李广军');
INSERT INTO  Company (CompanyNum,CompanyTypeID,CompanyName) VALUES ( 262,2,N'李广军、亚威市政');
INSERT INTO  Company (CompanyNum,CompanyTypeID,CompanyName) VALUES ( 263,2,N'李广军；亚威市政');
INSERT INTO  Company (CompanyNum,CompanyTypeID,CompanyName,ContactPhone) VALUES ( 264,2,N'李广军13933889361',N'13933889361');
INSERT INTO  Company (CompanyNum,CompanyTypeID,CompanyName) VALUES ( 265,2,N'李广志');
INSERT INTO  Company (CompanyNum,CompanyTypeID,CompanyName) VALUES ( 266,2,N'李广志 伍志海');
INSERT INTO  Company (CompanyNum,CompanyTypeID,CompanyName) VALUES ( 267,2,N'李广志 姚建军');
INSERT INTO  Company (CompanyNum,CompanyTypeID,CompanyName) VALUES ( 268,2,N'李广志、奇丽波');
INSERT INTO  Company (CompanyNum,CompanyTypeID,CompanyName,ContactPhone) VALUES ( 269,2,N'李广志、夏小庆、泰联市政：苏维春15030181666',N'15030181666');
INSERT INTO  Company (CompanyNum,CompanyTypeID,CompanyName) VALUES ( 270,2,N'李广志;李广军');
INSERT INTO  Company (CompanyNum,CompanyTypeID,CompanyName) VALUES ( 271,2,N'李建勇');
INSERT INTO  Company (CompanyNum,CompanyTypeID,CompanyName) VALUES ( 272,2,N'李树春、王宏伟');
INSERT INTO  Company (CompanyNum,CompanyTypeID,CompanyName,ContactPhone) VALUES ( 273,2,N'利达：魏天亮13315129273',N'13315129273');
INSERT INTO  Company (CompanyNum,CompanyTypeID,CompanyName,ContactPhone) VALUES ( 274,2,N'利达队 孙应鹏 13363888851',N'13363888851');
INSERT INTO  Company (CompanyNum,CompanyTypeID,CompanyName) VALUES ( 275,2,N'利达水电');
INSERT INTO  Company (CompanyNum,CompanyTypeID,CompanyName) VALUES ( 276,2,N'利达水电装饰');
INSERT INTO  Company (CompanyNum,CompanyTypeID,CompanyName,ContactPhone) VALUES ( 277,2,N'灵寿   杨   电话：13803379310',N'13803379310');
INSERT INTO  Company (CompanyNum,CompanyTypeID,CompanyName) VALUES ( 278,2,N'灵寿  杨');
INSERT INTO  Company (CompanyNum,CompanyTypeID,CompanyName) VALUES ( 279,2,N'灵寿（杨）冯永平');
INSERT INTO  Company (CompanyNum,CompanyTypeID,CompanyName) VALUES ( 280,2,N'灵寿、杨');
INSERT INTO  Company (CompanyNum,CompanyTypeID,CompanyName) VALUES ( 281,2,N'灵寿：杨');
INSERT INTO  Company (CompanyNum,CompanyTypeID,CompanyName,ContactPhone) VALUES ( 282,2,N'灵寿：杨13803379310',N'13803379310');
INSERT INTO  Company (CompanyNum,CompanyTypeID,CompanyName) VALUES ( 283,2,N'刘士军');
INSERT INTO  Company (CompanyNum,CompanyTypeID,CompanyName) VALUES ( 284,2,N'路灯管理所  伍志海');
INSERT INTO  Company (CompanyNum,CompanyTypeID,CompanyName) VALUES ( 285,2,N'路通非开挖工程处：李学舟13171887367；梁爱军88871000');
INSERT INTO  Company (CompanyNum,CompanyTypeID,CompanyName) VALUES ( 286,2,N'苗俊强');
INSERT INTO  Company (CompanyNum,CompanyTypeID,CompanyName) VALUES ( 287,2,N'苗振河');
INSERT INTO  Company (CompanyNum,CompanyTypeID,CompanyName) VALUES ( 288,2,N'南宫建筑公司；灵寿：杨');
INSERT INTO  Company (CompanyNum,CompanyTypeID,CompanyName,ContactPhone) VALUES ( 289,2,N'排管  道桥一   朱经理 13013234072   直埋  用户自建',N'13013234072');
INSERT INTO  Company (CompanyNum,CompanyTypeID,CompanyName) VALUES ( 290,2,N'排管： 周小红     沟槽：用户自建');
INSERT INTO  Company (CompanyNum,CompanyTypeID,CompanyName) VALUES ( 291,2,N'排管鹏远 李志新  螺纹管桥东姚建军');
INSERT INTO  Company (CompanyNum,CompanyTypeID,CompanyName) VALUES ( 292,2,N'排管为：鹏远电力（董）15931149339；顶管为：思凯，高君峰13315129016；孙海波13');
INSERT INTO  Company (CompanyNum,CompanyTypeID,CompanyName,ContactPhone) VALUES ( 293,2,N'排水八公司  ：13933174176',N'13933174176');
INSERT INTO  Company (CompanyNum,CompanyTypeID,CompanyName,ContactPhone) VALUES ( 294,2,N'排水二公司：战智龙 15532128652',N'15532128652');
INSERT INTO  Company (CompanyNum,CompanyTypeID,CompanyName) VALUES ( 295,2,N'排水二公司；道桥一（王显华）');
INSERT INTO  Company (CompanyNum,CompanyTypeID,CompanyName,ContactPhone) VALUES ( 296,2,N'排水九公司 董瑞海15532128010',N'15532128010');
INSERT INTO  Company (CompanyNum,CompanyTypeID,CompanyName) VALUES ( 297,2,N'排水六公司');
INSERT INTO  Company (CompanyNum,CompanyTypeID,CompanyName,ContactPhone) VALUES ( 298,2,N'排水四公司  王宏松13363881960',N'13363881960');
INSERT INTO  Company (CompanyNum,CompanyTypeID,CompanyName,ContactPhone) VALUES ( 299,2,N'排水四公司 闫发泉13315970692',N'13315970692');
INSERT INTO  Company (CompanyNum,CompanyTypeID,CompanyName) VALUES ( 300,2,N'排水四公司、冯有平、张树国');
INSERT INTO  Company (CompanyNum,CompanyTypeID,CompanyName,ContactPhone) VALUES ( 301,2,N'排水四公司：宋文秋15931189555',N'15931189555');
INSERT INTO  Company (CompanyNum,CompanyTypeID,CompanyName,ContactPhone) VALUES ( 302,2,N'排水四公司：王孟涛13363885072',N'13363885072');
INSERT INTO  Company (CompanyNum,CompanyTypeID,CompanyName) VALUES ( 303,2,N'排水五公司');
INSERT INTO  Company (CompanyNum,CompanyTypeID,CompanyName,ContactPhone) VALUES ( 304,2,N'排水五公司 顾雷13184772598',N'13184772598');
INSERT INTO  Company (CompanyNum,CompanyTypeID,CompanyName) VALUES ( 305,2,N'排水五公司；道桥五公司');
INSERT INTO  Company (CompanyNum,CompanyTypeID,CompanyName) VALUES ( 306,2,N'排水一公司（张进才）');
INSERT INTO  Company (CompanyNum,CompanyTypeID,CompanyName) VALUES ( 307,2,N'排水一公司；道桥四公司；市政二公司');
INSERT INTO  Company (CompanyNum,CompanyTypeID,CompanyName) VALUES ( 308,2,N'排水总公司');
INSERT INTO  Company (CompanyNum,CompanyTypeID,CompanyName) VALUES ( 309,2,N'排水总公司：李景浩');
INSERT INTO  Company (CompanyNum,CompanyTypeID,CompanyName) VALUES ( 310,2,N'排水总公司五分公司王国良13315970926 鲍华春13931157095');
INSERT INTO  Company (CompanyNum,CompanyTypeID,CompanyName) VALUES ( 311,2,N'配电（万达）孙斌');
INSERT INTO  Company (CompanyNum,CompanyTypeID,CompanyName) VALUES ( 312,2,N'配电工区');
INSERT INTO  Company (CompanyNum,CompanyTypeID,CompanyName) VALUES ( 313,2,N'配电工区 赵克强13363886516 齐立波：18831156777');
INSERT INTO  Company (CompanyNum,CompanyTypeID,CompanyName) VALUES ( 314,2,N'配电工区：柴家旗13363885651；万达：孙斌15350535317');
INSERT INTO  Company (CompanyNum,CompanyTypeID,CompanyName) VALUES ( 315,2,N'配电工区：凯舟 赵永江 万达');
INSERT INTO  Company (CompanyNum,CompanyTypeID,CompanyName) VALUES ( 316,2,N'配电工区：卢国志、苏维春');
INSERT INTO  Company (CompanyNum,CompanyTypeID,CompanyName) VALUES ( 317,2,N'配电工区：孙彬     万达队');
INSERT INTO  Company (CompanyNum,CompanyTypeID,CompanyName,ContactPhone) VALUES ( 318,2,N'配电工区：万达 孙彬15350535319',N'15350535319');
INSERT INTO  Company (CompanyNum,CompanyTypeID,CompanyName) VALUES ( 319,2,N'配电工区：尹林、段宏伟');
INSERT INTO  Company (CompanyNum,CompanyTypeID,CompanyName) VALUES ( 320,2,N'配电工区；万达电力，王涛');
INSERT INTO  Company (CompanyNum,CompanyTypeID,CompanyName) VALUES ( 321,2,N'配电运检工区（杰诚电力）');
INSERT INTO  Company (CompanyNum,CompanyTypeID,CompanyName) VALUES ( 322,2,N'配电中人：穆占田');
INSERT INTO  Company (CompanyNum,CompanyTypeID,CompanyName) VALUES ( 323,2,N'配电中心');
INSERT INTO  Company (CompanyNum,CompanyTypeID,CompanyName,ContactPhone) VALUES ( 324,2,N'配电中心  付风山13363885573',N'13363885573');
INSERT INTO  Company (CompanyNum,CompanyTypeID,CompanyName) VALUES ( 325,2,N'配电中心：穆占田');
INSERT INTO  Company (CompanyNum,CompanyTypeID,CompanyName,ContactPhone) VALUES ( 326,2,N'配网中心：邢亮:、谭经理、苏15030181666',N'15030181666');
INSERT INTO  Company (CompanyNum,CompanyTypeID,CompanyName) VALUES ( 327,2,N'鹏远');
INSERT INTO  Company (CompanyNum,CompanyTypeID,CompanyName) VALUES ( 328,2,N'鹏远        于立群       灵寿杨');
INSERT INTO  Company (CompanyNum,CompanyTypeID,CompanyName) VALUES ( 329,2,N'鹏远    吉东荣');
INSERT INTO  Company (CompanyNum,CompanyTypeID,CompanyName) VALUES ( 330,2,N'鹏远    张振林');
INSERT INTO  Company (CompanyNum,CompanyTypeID,CompanyName,ContactPhone) VALUES ( 331,2,N'鹏远  （劳服）张振林电话 ：13932198063',N'13932198063');
INSERT INTO  Company (CompanyNum,CompanyTypeID,CompanyName) VALUES ( 332,2,N'鹏远  吉东荣、王占元、夏小庆');
INSERT INTO  Company (CompanyNum,CompanyTypeID,CompanyName) VALUES ( 180,2,N'河北新天地：邢建虎');
INSERT INTO  Company (CompanyNum,CompanyTypeID,CompanyName,ContactPhone) VALUES ( 333,2,N'鹏远  孙跃周13832326345',N'13832326345');
INSERT INTO  Company (CompanyNum,CompanyTypeID,CompanyName) VALUES ( 334,2,N'鹏远  王占元');
INSERT INTO  Company (CompanyNum,CompanyTypeID,CompanyName,ContactPhone) VALUES ( 335,2,N'鹏远  于立辉  孙跃周13832326345',N'13832326345');
INSERT INTO  Company (CompanyNum,CompanyTypeID,CompanyName,ContactPhone) VALUES ( 336,2,N'鹏远  于立群    温炳申：13932199958',N'13932199958');
INSERT INTO  Company (CompanyNum,CompanyTypeID,CompanyName) VALUES ( 337,2,N'鹏远  于利群  李广志');
INSERT INTO  Company (CompanyNum,CompanyTypeID,CompanyName) VALUES ( 338,2,N'鹏远  张震林');
INSERT INTO  Company (CompanyNum,CompanyTypeID,CompanyName) VALUES ( 339,2,N'鹏远 ：87097976');
INSERT INTO  Company (CompanyNum,CompanyTypeID,CompanyName,ContactPhone) VALUES ( 340,2,N'鹏远 李府东 18931865676',N'18931865676');
INSERT INTO  Company (CompanyNum,CompanyTypeID,CompanyName) VALUES ( 341,2,N'鹏远 李志新');
INSERT INTO  Company (CompanyNum,CompanyTypeID,CompanyName) VALUES ( 342,2,N'鹏远 李志新     孙海波施工');
INSERT INTO  Company (CompanyNum,CompanyTypeID,CompanyName) VALUES ( 343,2,N'鹏远 亚威市政  李广志');
INSERT INTO  Company (CompanyNum,CompanyTypeID,CompanyName) VALUES ( 344,2,N'鹏远 亚威市政李广志');
INSERT INTO  Company (CompanyNum,CompanyTypeID,CompanyName) VALUES ( 345,2,N'鹏远 于立群');
INSERT INTO  Company (CompanyNum,CompanyTypeID,CompanyName) VALUES ( 346,2,N'鹏远 于立群 亚威市政 齐力波');
INSERT INTO  Company (CompanyNum,CompanyTypeID,CompanyName,ContactPhone) VALUES ( 347,2,N'鹏远 于立群 亚威市政 齐力波18831156777',N'18831156777');
INSERT INTO  Company (CompanyNum,CompanyTypeID,CompanyName) VALUES ( 348,2,N'鹏远（李广志）');
INSERT INTO  Company (CompanyNum,CompanyTypeID,CompanyName,ContactPhone) VALUES ( 349,2,N'鹏远（李志新）、张庆昌、宏远电业安装（李新东13903318051）',N'13903318051');
INSERT INTO  Company (CompanyNum,CompanyTypeID,CompanyName,ContactPhone) VALUES ( 350,2,N'鹏远（亚威）：李志新13832326345',N'13832326345');
INSERT INTO  Company (CompanyNum,CompanyTypeID,CompanyName) VALUES ( 351,2,N'鹏远（郑） 杰绒队  王利强');
INSERT INTO  Company (CompanyNum,CompanyTypeID,CompanyName) VALUES ( 352,2,N'鹏远、李志新、邢志虎');
INSERT INTO  Company (CompanyNum,CompanyTypeID,CompanyName,ContactPhone) VALUES ( 353,2,N'鹏远：陈力13363881813',N'13363881813');
INSERT INTO  Company (CompanyNum,CompanyTypeID,CompanyName) VALUES ( 354,2,N'鹏远：吉东荣');
INSERT INTO  Company (CompanyNum,CompanyTypeID,CompanyName) VALUES ( 355,2,N'鹏远：李广军');
INSERT INTO  Company (CompanyNum,CompanyTypeID,CompanyName) VALUES ( 356,2,N'鹏远：李志新');
INSERT INTO  Company (CompanyNum,CompanyTypeID,CompanyName) VALUES ( 357,2,N'鹏远：李志新    亚威市政：李广志');
INSERT INTO  Company (CompanyNum,CompanyTypeID,CompanyName) VALUES ( 358,2,N'鹏远：李志新、张振林');
INSERT INTO  Company (CompanyNum,CompanyTypeID,CompanyName,ContactPhone) VALUES ( 359,2,N'鹏远：李志新；新兴机电：任更芳13315125262',N'13315125262');
INSERT INTO  Company (CompanyNum,CompanyTypeID,CompanyName) VALUES ( 360,2,N'鹏远：李志新；张振林');
INSERT INTO  Company (CompanyNum,CompanyTypeID,CompanyName,ContactPhone) VALUES ( 361,2,N'鹏远：孙越周13832326345',N'13832326345');
INSERT INTO  Company (CompanyNum,CompanyTypeID,CompanyName) VALUES ( 362,2,N'鹏远：谭拥军');
INSERT INTO  Company (CompanyNum,CompanyTypeID,CompanyName) VALUES ( 363,2,N'鹏远：吴同坤');
INSERT INTO  Company (CompanyNum,CompanyTypeID,CompanyName) VALUES ( 364,2,N'鹏远：夏晓庆');
INSERT INTO  Company (CompanyNum,CompanyTypeID,CompanyName) VALUES ( 365,2,N'鹏远：邢建虎');
INSERT INTO  Company (CompanyNum,CompanyTypeID,CompanyName) VALUES ( 366,2,N'鹏远：于立群');
INSERT INTO  Company (CompanyNum,CompanyTypeID,CompanyName,ContactPhone) VALUES ( 367,2,N'鹏远：于立群   宏建电力：宋秀珍 13315129291',N'13315129291');
INSERT INTO  Company (CompanyNum,CompanyTypeID,CompanyName) VALUES ( 368,2,N'鹏远：于立群、李广志');
INSERT INTO  Company (CompanyNum,CompanyTypeID,CompanyName,ContactPhone) VALUES ( 369,2,N'鹏远：于立群、李新东13903318051',N'13903318051');
INSERT INTO  Company (CompanyNum,CompanyTypeID,CompanyName) VALUES ( 370,2,N'鹏远：于立群、王占元');
INSERT INTO  Company (CompanyNum,CompanyTypeID,CompanyName,ContactPhone) VALUES ( 371,2,N'鹏远：于立群、温炳申13932199958',N'13932199958');
INSERT INTO  Company (CompanyNum,CompanyTypeID,CompanyName) VALUES ( 372,2,N'鹏远：于立群；灵寿杨');
INSERT INTO  Company (CompanyNum,CompanyTypeID,CompanyName) VALUES ( 373,2,N'鹏远：于立群；田新翼；李广志；双凤：董新友');
INSERT INTO  Company (CompanyNum,CompanyTypeID,CompanyName) VALUES ( 374,2,N'鹏远：于立群；亚威市政');
INSERT INTO  Company (CompanyNum,CompanyTypeID,CompanyName) VALUES ( 375,2,N'鹏远:于立群;亚威市政:齐');
INSERT INTO  Company (CompanyNum,CompanyTypeID,CompanyName) VALUES ( 376,2,N'鹏远：于立群；亚威市政：齐利波');
INSERT INTO  Company (CompanyNum,CompanyTypeID,CompanyName) VALUES ( 377,2,N'鹏远：于立群；张震林');
INSERT INTO  Company (CompanyNum,CompanyTypeID,CompanyName,ContactPhone) VALUES ( 378,2,N'鹏远：于立群13903311243',N'13903311243');
INSERT INTO  Company (CompanyNum,CompanyTypeID,CompanyName) VALUES ( 379,2,N'鹏远：于利群    亚威市政：齐立波');
INSERT INTO  Company (CompanyNum,CompanyTypeID,CompanyName,ContactPhone) VALUES ( 380,2,N'鹏远：于利群；杰诚电力：王立强13032621074；用户自建：赵彦浩',N'13032621074');
INSERT INTO  Company (CompanyNum,CompanyTypeID,CompanyName) VALUES ( 381,2,N'鹏远：余立群');
INSERT INTO  Company (CompanyNum,CompanyTypeID,CompanyName) VALUES ( 382,2,N'鹏远：张振林');
INSERT INTO  Company (CompanyNum,CompanyTypeID,CompanyName,ContactPhone) VALUES ( 383,2,N'鹏远：张志辉18931156706',N'18931156706');
INSERT INTO  Company (CompanyNum,CompanyTypeID,CompanyName) VALUES ( 384,2,N'鹏远；灵寿：杨');
INSERT INTO  Company (CompanyNum,CompanyTypeID,CompanyName) VALUES ( 385,2,N'鹏远；亚威市政；李广志');
INSERT INTO  Company (CompanyNum,CompanyTypeID,CompanyName) VALUES ( 386,2,N'鹏远；用户自建');
INSERT INTO  Company (CompanyNum,CompanyTypeID,CompanyName) VALUES ( 387,2,N'鹏远电力');
INSERT INTO  Company (CompanyNum,CompanyTypeID,CompanyName,ContactPhone) VALUES ( 388,2,N'鹏远电力：董军芳15931149339',N'15931149339');
INSERT INTO  Company (CompanyNum,CompanyTypeID,CompanyName) VALUES ( 389,2,N'鹏远电力:吉东荣;用户自建;王占元');
INSERT INTO  Company (CompanyNum,CompanyTypeID,CompanyName) VALUES ( 390,2,N'鹏远电力：李志新');
INSERT INTO  Company (CompanyNum,CompanyTypeID,CompanyName) VALUES ( 391,2,N'鹏远电力：李志新、张振林');
INSERT INTO  Company (CompanyNum,CompanyTypeID,CompanyName) VALUES ( 392,2,N'鹏远电力：谭勇军；亚威市政：齐三波');
INSERT INTO  Company (CompanyNum,CompanyTypeID,CompanyName) VALUES ( 393,2,N'鹏远电力：杨华');
INSERT INTO  Company (CompanyNum,CompanyTypeID,CompanyName) VALUES ( 394,2,N'鹏远工程处  王建茂');
INSERT INTO  Company (CompanyNum,CompanyTypeID,CompanyName) VALUES ( 395,2,N'鹏远工程处：刘风利、王占元');
INSERT INTO  Company (CompanyNum,CompanyTypeID,CompanyName) VALUES ( 396,2,N'鹏远工程队');
INSERT INTO  Company (CompanyNum,CompanyTypeID,CompanyName,ContactPhone) VALUES ( 397,2,N'鹏远刘增军黄志安13582334298',N'13582334298');
INSERT INTO  Company (CompanyNum,CompanyTypeID,CompanyName) VALUES ( 398,2,N'鹏远王建茂');
INSERT INTO  Company (CompanyNum,CompanyTypeID,CompanyName) VALUES ( 399,2,N'鹏远于立群');
INSERT INTO  Company (CompanyNum,CompanyTypeID,CompanyName,ContactPhone) VALUES ( 400,2,N'鹏远于立群 道桥七公司 李铁玲13313046212',N'13313046212');
INSERT INTO  Company (CompanyNum,CompanyTypeID,CompanyName,ContactPhone) VALUES ( 401,2,N'鹏远于立群；东胜电力安装公司：吴建更13932174651',N'13932174651');
INSERT INTO  Company (CompanyNum,CompanyTypeID,CompanyName) VALUES ( 402,2,N'鹏运（黄）');
INSERT INTO  Company (CompanyNum,CompanyTypeID,CompanyName,ContactPhone) VALUES ( 403,2,N'乾荣公司李建军  李建勇18903218899',N'18903218899');
INSERT INTO  Company (CompanyNum,CompanyTypeID,CompanyName,ContactPhone) VALUES ( 404,2,N'强力：张昭13363881168',N'13363881168');
INSERT INTO  Company (CompanyNum,CompanyTypeID,CompanyName,ContactPhone) VALUES ( 405,2,N'强力安装有限公司：13363881613',N'13363881613');
INSERT INTO  Company (CompanyNum,CompanyTypeID,CompanyName) VALUES ( 406,2,N'强力电力 徐会科');
INSERT INTO  Company (CompanyNum,CompanyTypeID,CompanyName,ContactPhone) VALUES ( 407,2,N'强力电力：冯雪军13363881613',N'13363881613');
INSERT INTO  Company (CompanyNum,CompanyTypeID,CompanyName) VALUES ( 408,2,N'强力队：曹艳广');
INSERT INTO  Company (CompanyNum,CompanyTypeID,CompanyName,ContactPhone) VALUES ( 409,2,N'强力队：徐会科13784301214',N'13784301214');
INSERT INTO  Company (CompanyNum,CompanyTypeID,CompanyName,ContactPhone) VALUES ( 410,2,N'强力队：张志强13930459361',N'13930459361');
INSERT INTO  Company (CompanyNum,CompanyTypeID,CompanyName) VALUES ( 411,2,N'桥东多经');
INSERT INTO  Company (CompanyNum,CompanyTypeID,CompanyName,ContactPhone) VALUES ( 412,2,N'桥东多经（华鹏）丁保合    13932195529',N'13932195529');
INSERT INTO  Company (CompanyNum,CompanyTypeID,CompanyName) VALUES ( 413,2,N'桥东多经(华鹏公司)');
INSERT INTO  Company (CompanyNum,CompanyTypeID,CompanyName) VALUES ( 414,2,N'桥东多经（强力队）');
INSERT INTO  Company (CompanyNum,CompanyTypeID,CompanyName) VALUES ( 415,2,N'桥东分局');
INSERT INTO  Company (CompanyNum,CompanyTypeID,CompanyName,ContactPhone) VALUES ( 416,2,N'桥东分局  代树兵15931688848',N'15931688848');
INSERT INTO  Company (CompanyNum,CompanyTypeID,CompanyName,ContactPhone) VALUES ( 417,2,N'桥东分局 陈朝辉   兴达队 段宏伟 （13315199681）',N'13315199681');
INSERT INTO  Company (CompanyNum,CompanyTypeID,CompanyName,ContactPhone) VALUES ( 418,2,N'桥东分局 田新翼    王立春15533936903',N'15533936903');
INSERT INTO  Company (CompanyNum,CompanyTypeID,CompanyName) VALUES ( 419,2,N'桥东分局 田新翼 、 苏维春');
INSERT INTO  Company (CompanyNum,CompanyTypeID,CompanyName,ContactPhone) VALUES ( 420,2,N'桥东分局 姚建军；双凤；宏建电力刘增军13315129296；宋秀珍',N'13315129296');
INSERT INTO  Company (CompanyNum,CompanyTypeID,CompanyName) VALUES ( 421,2,N'桥东分局 姚建军13363886555 李建勇13363885218');
INSERT INTO  Company (CompanyNum,CompanyTypeID,CompanyName) VALUES ( 422,2,N'桥东分局、田新翼');
INSERT INTO  Company (CompanyNum,CompanyTypeID,CompanyName,ContactPhone) VALUES ( 423,2,N'桥东分局：陈朝辉；杰诚电力工程公司：陈安民13303030212',N'13303030212');
INSERT INTO  Company (CompanyNum,CompanyTypeID,CompanyName,ContactPhone) VALUES ( 424,2,N'桥东分局：苏维春13363888909',N'13363888909');
INSERT INTO  Company (CompanyNum,CompanyTypeID,CompanyName) VALUES ( 425,2,N'桥东分局：田新翼');
INSERT INTO  Company (CompanyNum,CompanyTypeID,CompanyName,ContactPhone) VALUES ( 426,2,N'桥东分局：田新翼13363885755；双凤：董新友',N'13363885755');
INSERT INTO  Company (CompanyNum,CompanyTypeID,CompanyName) VALUES ( 427,2,N'桥东分局田心翼');
INSERT INTO  Company (CompanyNum,CompanyTypeID,CompanyName) VALUES ( 428,2,N'桥西多经');
INSERT INTO  Company (CompanyNum,CompanyTypeID,CompanyName,ContactPhone) VALUES ( 429,2,N'桥西分：冯志坤 苏维:15030181666 李会民',N'15030181666');
INSERT INTO  Company (CompanyNum,CompanyTypeID,CompanyName) VALUES ( 430,2,N'桥西分局');
INSERT INTO  Company (CompanyNum,CompanyTypeID,CompanyName) VALUES ( 431,2,N'桥西分局 冯志坤（恒通达）');
INSERT INTO  Company (CompanyNum,CompanyTypeID,CompanyName) VALUES ( 432,2,N'桥西分局：陈朝晖；檀仁杰');
INSERT INTO  Company (CompanyNum,CompanyTypeID,CompanyName,ContactPhone) VALUES ( 433,2,N'桥西分局：孙海波13785197002',N'13785197002');
INSERT INTO  Company (CompanyNum,CompanyTypeID,CompanyName,ContactPhone) VALUES ( 434,2,N'桥西分局陈朝晖、金环市政13230169010',N'13230169010');
INSERT INTO  Company (CompanyNum,CompanyTypeID,CompanyName) VALUES ( 435,2,N'三江   环城分局：赵彦浩');
INSERT INTO  Company (CompanyNum,CompanyTypeID,CompanyName,ContactPhone) VALUES ( 436,2,N'三孙电气有限公司：连瑞东13315129932',N'13315129932');
INSERT INTO  Company (CompanyNum,CompanyTypeID,CompanyName) VALUES ( 437,2,N'森田、姚奇');
INSERT INTO  Company (CompanyNum,CompanyTypeID,CompanyName) VALUES ( 438,2,N'神达：赵立军；思凯：张庆昌');
INSERT INTO  Company (CompanyNum,CompanyTypeID,CompanyName) VALUES ( 439,2,N'神达公司  赵立军');
INSERT INTO  Company (CompanyNum,CompanyTypeID,CompanyName,ContactPhone) VALUES ( 440,2,N'声点建一公司。魏英淼（18931174640）',N'18931174640');
INSERT INTO  Company (CompanyNum,CompanyTypeID,CompanyName) VALUES ( 441,2,N'省安装公司：陈文建、张永杰');
INSERT INTO  Company (CompanyNum,CompanyTypeID,CompanyName,ContactPhone) VALUES ( 442,2,N'省电建公司、魏英淼、电话；18931174640',N'18931174640');
INSERT INTO  Company (CompanyNum,CompanyTypeID,CompanyName) VALUES ( 443,2,N'省电建一公司');
INSERT INTO  Company (CompanyNum,CompanyTypeID,CompanyName,ContactPhone) VALUES ( 444,2,N'省电建一公司 魏军淼13833181976 伍志海',N'13833181976');
INSERT INTO  Company (CompanyNum,CompanyTypeID,CompanyName) VALUES ( 445,2,N'省电建一公司 魏淼   伍志海');
INSERT INTO  Company (CompanyNum,CompanyTypeID,CompanyName) VALUES ( 446,2,N'省三建');
INSERT INTO  Company (CompanyNum,CompanyTypeID,CompanyName) VALUES ( 447,2,N'施工 单位 ： 河北工程 建筑有限 公司   牟学知 石家庄 市市政 建设 总 公司二公司');
INSERT INTO  Company (CompanyNum,CompanyTypeID,CompanyName) VALUES ( 448,2,N'施工单位:  供电局老干部科');
INSERT INTO  Company (CompanyNum,CompanyTypeID,CompanyName) VALUES ( 449,2,N'施工单位:  供排水公司');
INSERT INTO  Company (CompanyNum,CompanyTypeID,CompanyName) VALUES ( 450,2,N'施工单位:  排水 2  排水5何玉祥13313116073  排水6');
INSERT INTO  Company (CompanyNum,CompanyTypeID,CompanyName) VALUES ( 451,2,N'施工单位:  用户自建');
INSERT INTO  Company (CompanyNum,CompanyTypeID,CompanyName) VALUES ( 452,2,N'施工单位:  用户自建(  桥东多经)');
INSERT INTO  Company (CompanyNum,CompanyTypeID,CompanyName) VALUES ( 453,2,N'施工单位: 桥东多经    (华鹏公司)');
INSERT INTO  Company (CompanyNum,CompanyTypeID,CompanyName) VALUES ( 454,2,N'施工单位：陈文建');
INSERT INTO  Company (CompanyNum,CompanyTypeID,CompanyName) VALUES ( 455,2,N'施工单位：城管    冯永平');
INSERT INTO  Company (CompanyNum,CompanyTypeID,CompanyName) VALUES ( 456,2,N'施工单位:城管   冯有平');
INSERT INTO  Company (CompanyNum,CompanyTypeID,CompanyName,ContactPhone) VALUES ( 457,2,N'施工单位：电建二公司 裴清祥13126157825',N'13126157825');
INSERT INTO  Company (CompanyNum,CompanyTypeID,CompanyName) VALUES ( 458,2,N'施工单位：电建二公司 邢建虎');
INSERT INTO  Company (CompanyNum,CompanyTypeID,CompanyName,ContactPhone) VALUES ( 459,2,N'施工单位：电建一公司 李却辉 13931863475',N'13931863475');
INSERT INTO  Company (CompanyNum,CompanyTypeID,CompanyName) VALUES ( 460,2,N'施工单位:供用电               孙英利');
INSERT INTO  Company (CompanyNum,CompanyTypeID,CompanyName) VALUES ( 461,2,N'施工单位：供用电   （ 周小红）');
INSERT INTO  Company (CompanyNum,CompanyTypeID,CompanyName) VALUES ( 462,2,N'施工单位:供用电、王建军、张树国');
INSERT INTO  Company (CompanyNum,CompanyTypeID,CompanyName,ContactPhone) VALUES ( 463,2,N'施工单位：环路市政公司 13331398369',N'13331398369');
INSERT INTO  Company (CompanyNum,CompanyTypeID,CompanyName) VALUES ( 464,2,N'施工单位：金环市政 王更江');
INSERT INTO  Company (CompanyNum,CompanyTypeID,CompanyName,ContactPhone) VALUES ( 465,2,N'施工单位：开发区   王勇   13363886388',N'13363886388');
INSERT INTO  Company (CompanyNum,CompanyTypeID,CompanyName) VALUES ( 466,2,N'施工单位：劳服');
INSERT INTO  Company (CompanyNum,CompanyTypeID,CompanyName) VALUES ( 467,2,N'施工单位：李广军 监理：于立群');
INSERT INTO  Company (CompanyNum,CompanyTypeID,CompanyName) VALUES ( 468,2,N'施工单位：排水四公司  王宏松');
INSERT INTO  Company (CompanyNum,CompanyTypeID,CompanyName) VALUES ( 469,2,N'施工单位：排水五公司 王宏伟 鹏远吉东荣');
INSERT INTO  Company (CompanyNum,CompanyTypeID,CompanyName,ContactPhone) VALUES ( 470,2,N'施工单位：深龙建筑公司 孙海波 孟志伟13933137600',N'13933137600');
INSERT INTO  Company (CompanyNum,CompanyTypeID,CompanyName) VALUES ( 471,2,N'施工单位：市城管局   冯');
INSERT INTO  Company (CompanyNum,CompanyTypeID,CompanyName) VALUES ( 472,2,N'施工单位：市政四公司     王宏伟');
INSERT INTO  Company (CompanyNum,CompanyTypeID,CompanyName) VALUES ( 473,2,N'施工单位：双凤');
INSERT INTO  Company (CompanyNum,CompanyTypeID,CompanyName) VALUES ( 474,2,N'施工单位：王宏伟');
INSERT INTO  Company (CompanyNum,CompanyTypeID,CompanyName,ContactPhone) VALUES ( 475,2,N'施工单位：夏晓庆 樊兆华13903117421',N'13903117421');
INSERT INTO  Company (CompanyNum,CompanyTypeID,CompanyName) VALUES ( 476,2,N'施工单位：迅达');
INSERT INTO  Company (CompanyNum,CompanyTypeID,CompanyName) VALUES ( 477,2,N'施工单位:用户自建');
INSERT INTO  Company (CompanyNum,CompanyTypeID,CompanyName) VALUES ( 478,2,N'施工单位：用户自建     郭素连');
INSERT INTO  Company (CompanyNum,CompanyTypeID,CompanyName,ContactPhone) VALUES ( 479,2,N'施工单位：用户自建 王占元13603393739',N'13603393739');
INSERT INTO  Company (CompanyNum,CompanyTypeID,CompanyName,ContactPhone) VALUES ( 480,2,N'施工单位：苑南电力 董国清13315120213',N'13315120213');
INSERT INTO  Company (CompanyNum,CompanyTypeID,CompanyName) VALUES ( 481,2,N'施工单位：运行工区');
INSERT INTO  Company (CompanyNum,CompanyTypeID,CompanyName) VALUES ( 482,2,N'施工单位：赵希');
INSERT INTO  Company (CompanyNum,CompanyTypeID,CompanyName) VALUES ( 483,2,N'石家庄高新区供水排水供水');
INSERT INTO  Company (CompanyNum,CompanyTypeID,CompanyName) VALUES ( 484,2,N'石家庄恒通达安装工程有限公司');
INSERT INTO  Company (CompanyNum,CompanyTypeID,CompanyName,ContactPhone) VALUES ( 485,2,N'石家庄京北建筑安装有限公司郭13582012952；石家庄新世纪建筑装饰工程有限公司',N'13582012952');
INSERT INTO  Company (CompanyNum,CompanyTypeID,CompanyName) VALUES ( 486,2,N'石家庄路通非开挖工程处');
INSERT INTO  Company (CompanyNum,CompanyTypeID,CompanyName) VALUES ( 487,2,N'石家庄鹏远电力');
INSERT INTO  Company (CompanyNum,CompanyTypeID,CompanyName) VALUES ( 488,2,N'石家庄鹏远电力建设公司');
INSERT INTO  Company (CompanyNum,CompanyTypeID,CompanyName) VALUES ( 489,2,N'石家庄市安装工程有限公司');
INSERT INTO  Company (CompanyNum,CompanyTypeID,CompanyName) VALUES ( 490,2,N'石家庄市德隆房地产开发有限公司');
INSERT INTO  Company (CompanyNum,CompanyTypeID,CompanyName,ContactPhone) VALUES ( 491,2,N'石家庄市排水四公司 ：王宏松13363881960',N'13363881960');
INSERT INTO  Company (CompanyNum,CompanyTypeID,CompanyName) VALUES ( 492,2,N'石家庄市排水总公司六分公司');
INSERT INTO  Company (CompanyNum,CompanyTypeID,CompanyName) VALUES ( 493,2,N'石家庄市深龙建筑公司：孙海波；环城：周立霆');
INSERT INTO  Company (CompanyNum,CompanyTypeID,CompanyName) VALUES ( 494,2,N'石家庄市政：王宏伟');
INSERT INTO  Company (CompanyNum,CompanyTypeID,CompanyName,ContactPhone) VALUES ( 495,2,N'石家庄市政建设总公司六公司：陈瑞航13012169961',N'13012169961');
INSERT INTO  Company (CompanyNum,CompanyTypeID,CompanyName) VALUES ( 496,2,N'石家庄兆口电力安装有限公司：王宏松');
INSERT INTO  Company (CompanyNum,CompanyTypeID,CompanyName,ContactPhone) VALUES ( 497,2,N'石家庄卓恒建筑安装有限公司：刘宾18632164216；',N'18632164216');
INSERT INTO  Company (CompanyNum,CompanyTypeID,CompanyName,ContactPhone) VALUES ( 498,2,N'石市供水集团：苏建雷 13331398336',N'13331398336');
INSERT INTO  Company (CompanyNum,CompanyTypeID,CompanyName,ContactPhone) VALUES ( 499,2,N'市投资办  杨 ：13930485744',N'13930485744');
INSERT INTO  Company (CompanyNum,CompanyTypeID,CompanyName) VALUES ( 500,2,N'市投资办李净存');
INSERT INTO  Company (CompanyNum,CompanyTypeID,CompanyName) VALUES ( 501,2,N'市一建十二分公司：刘军利');
INSERT INTO  Company (CompanyNum,CompanyTypeID,CompanyName) VALUES ( 502,2,N'市政');
INSERT INTO  Company (CompanyNum,CompanyTypeID,CompanyName) VALUES ( 503,2,N'市政 杨经理');
INSERT INTO  Company (CompanyNum,CompanyTypeID,CompanyName,ContactPhone) VALUES ( 504,2,N'市政：曹志国13930198036',N'13930198036');
INSERT INTO  Company (CompanyNum,CompanyTypeID,CompanyName) VALUES ( 505,2,N'市政八公司');
INSERT INTO  Company (CompanyNum,CompanyTypeID,CompanyName,ContactPhone) VALUES ( 506,2,N'市政八公司：周友民15032796198',N'15032796198');
INSERT INTO  Company (CompanyNum,CompanyTypeID,CompanyName,ContactPhone) VALUES ( 507,2,N'市政二公司  李建凯15833112241',N'15833112241');
INSERT INTO  Company (CompanyNum,CompanyTypeID,CompanyName,ContactPhone) VALUES ( 508,2,N'市政二公司 李京13230189518',N'13230189518');
INSERT INTO  Company (CompanyNum,CompanyTypeID,CompanyName,ContactPhone) VALUES ( 509,2,N'市政公司 安彦龙13784026590',N'13784026590');
INSERT INTO  Company (CompanyNum,CompanyTypeID,CompanyName) VALUES ( 510,2,N'市政管理处 王宏伟');
INSERT INTO  Company (CompanyNum,CompanyTypeID,CompanyName) VALUES ( 511,2,N'市政机械公司：王宏伟');
INSERT INTO  Company (CompanyNum,CompanyTypeID,CompanyName) VALUES ( 512,2,N'市政建设总公司：王奇13603117480；第六市政公司：康佐13633112153');
INSERT INTO  Company (CompanyNum,CompanyTypeID,CompanyName,ContactPhone) VALUES ( 513,2,N'市政建设总公司一公司  杨建国13673239130',N'13673239130');
INSERT INTO  Company (CompanyNum,CompanyTypeID,CompanyName) VALUES ( 514,2,N'市政七公司');
INSERT INTO  Company (CompanyNum,CompanyTypeID,CompanyName) VALUES ( 515,2,N'市政四公司');
INSERT INTO  Company (CompanyNum,CompanyTypeID,CompanyName) VALUES ( 516,2,N'市政五公司');
INSERT INTO  Company (CompanyNum,CompanyTypeID,CompanyName,ContactPhone) VALUES ( 517,2,N'市政一公司   顾雷:13184772598',N'13184772598');
INSERT INTO  Company (CompanyNum,CompanyTypeID,CompanyName,ContactPhone) VALUES ( 518,2,N'市政总公司综合经营处：何建中13315971688',N'13315971688');
INSERT INTO  Company (CompanyNum,CompanyTypeID,CompanyName) VALUES ( 519,2,N'双凤');
INSERT INTO  Company (CompanyNum,CompanyTypeID,CompanyName,ContactPhone) VALUES ( 520,2,N'双凤 董新友 13363885259',N'13363885259');
INSERT INTO  Company (CompanyNum,CompanyTypeID,CompanyName) VALUES ( 521,2,N'双凤：董新友');
INSERT INTO  Company (CompanyNum,CompanyTypeID,CompanyName,ContactPhone) VALUES ( 522,2,N'双凤：董新友13363885259',N'13363885259');
INSERT INTO  Company (CompanyNum,CompanyTypeID,CompanyName) VALUES ( 523,2,N'双凤：姚建军');
INSERT INTO  Company (CompanyNum,CompanyTypeID,CompanyName) VALUES ( 524,2,N'双凤；桥东分局姚建军');
INSERT INTO  Company (CompanyNum,CompanyTypeID,CompanyName) VALUES ( 525,2,N'双凤安装公司');
INSERT INTO  Company (CompanyNum,CompanyTypeID,CompanyName,ContactPhone) VALUES ( 526,2,N'双凤安装公司：董永会13363885261',N'13363885261');
INSERT INTO  Company (CompanyNum,CompanyTypeID,CompanyName,ContactPhone) VALUES ( 527,2,N'双凤安装公司：胡增日13363885299',N'13363885299');
INSERT INTO  Company (CompanyNum,CompanyTypeID,CompanyName) VALUES ( 528,2,N'双凤电器');
INSERT INTO  Company (CompanyNum,CompanyTypeID,CompanyName) VALUES ( 529,2,N'双凤电器安装工程有限公司：董新友13363885259、董瑞海15532128010');
INSERT INTO  Company (CompanyNum,CompanyTypeID,CompanyName) VALUES ( 530,2,N'双凤队');
INSERT INTO  Company (CompanyNum,CompanyTypeID,CompanyName) VALUES ( 531,2,N'双友公司；郊区局：周立亭');
INSERT INTO  Company (CompanyNum,CompanyTypeID,CompanyName) VALUES ( 532,2,N'顺达建筑工程有限公司：张三海、张庆昌');
INSERT INTO  Company (CompanyNum,CompanyTypeID,CompanyName) VALUES ( 533,2,N'思凯');
INSERT INTO  Company (CompanyNum,CompanyTypeID,CompanyName,ContactPhone) VALUES ( 534,2,N'思凯 、王斌 、张庆昌13315129970',N'13315129970');
INSERT INTO  Company (CompanyNum,CompanyTypeID,CompanyName,ContactPhone) VALUES ( 535,2,N'思凯 杜鹏 13315129787（张庆昌）',N'13315129787');
INSERT INTO  Company (CompanyNum,CompanyTypeID,CompanyName) VALUES ( 536,2,N'思凯 老张');
INSERT INTO  Company (CompanyNum,CompanyTypeID,CompanyName,ContactPhone) VALUES ( 537,2,N'思凯,李海波(13315129937)张庆昌',N'13315129937');
INSERT INTO  Company (CompanyNum,CompanyTypeID,CompanyName,ContactPhone) VALUES ( 538,2,N'思凯，苏维春  13363888909',N'13363888909');
INSERT INTO  Company (CompanyNum,CompanyTypeID,CompanyName) VALUES ( 539,2,N'思凯，邢建虎');
INSERT INTO  Company (CompanyNum,CompanyTypeID,CompanyName,ContactPhone) VALUES ( 540,2,N'思凯、孙海波、用户自建（恒通达）张雪：13363885272',N'13363885272');
INSERT INTO  Company (CompanyNum,CompanyTypeID,CompanyName) VALUES ( 541,2,N'思凯：马永超13315129790；孙冬云13011599042');
INSERT INTO  Company (CompanyNum,CompanyTypeID,CompanyName) VALUES ( 542,2,N'思凯：孙海波；张庆昌；邢建虎；赵立军；王显华');
INSERT INTO  Company (CompanyNum,CompanyTypeID,CompanyName) VALUES ( 543,2,N'思凯：王斌');
INSERT INTO  Company (CompanyNum,CompanyTypeID,CompanyName) VALUES ( 544,2,N'思凯：王斌（夏洪涛）');
INSERT INTO  Company (CompanyNum,CompanyTypeID,CompanyName) VALUES ( 545,2,N'思凯：王斌、刘万达');
INSERT INTO  Company (CompanyNum,CompanyTypeID,CompanyName) VALUES ( 546,2,N'思凯：王斌、王海波');
INSERT INTO  Company (CompanyNum,CompanyTypeID,CompanyName) VALUES ( 547,2,N'思凯：王斌、邢建波');
INSERT INTO  Company (CompanyNum,CompanyTypeID,CompanyName,ContactPhone) VALUES ( 548,2,N'思凯：王斌、邢建虎13011590590',N'13011590590');
INSERT INTO  Company (CompanyNum,CompanyTypeID,CompanyName,ContactPhone) VALUES ( 549,2,N'思凯：王斌、许一丁13032655006',N'13032655006');
INSERT INTO  Company (CompanyNum,CompanyTypeID,CompanyName) VALUES ( 550,2,N'思凯：王斌、张庆昌');
INSERT INTO  Company (CompanyNum,CompanyTypeID,CompanyName) VALUES ( 551,2,N'思凯：王斌、赵立军；用户自建');
INSERT INTO  Company (CompanyNum,CompanyTypeID,CompanyName) VALUES ( 552,2,N'思凯：王斌；   恒通达：张学1363885272');
INSERT INTO  Company (CompanyNum,CompanyTypeID,CompanyName,ContactPhone) VALUES ( 553,2,N'思凯：王斌；苏维春13363888909',N'13363888909');
INSERT INTO  Company (CompanyNum,CompanyTypeID,CompanyName) VALUES ( 554,2,N'思凯：王斌；邢建虎13014388456、孟德宝15931183168');
INSERT INTO  Company (CompanyNum,CompanyTypeID,CompanyName) VALUES ( 555,2,N'思凯：王斌；用户自建');
INSERT INTO  Company (CompanyNum,CompanyTypeID,CompanyName) VALUES ( 556,2,N'思凯：王斌；卓恒：陈文建');
INSERT INTO  Company (CompanyNum,CompanyTypeID,CompanyName,ContactPhone) VALUES ( 557,2,N'思凯：王斌13731185037、素维春',N'13731185037');
INSERT INTO  Company (CompanyNum,CompanyTypeID,CompanyName,ContactPhone) VALUES ( 558,2,N'思凯:王国春13363885850',N'13363885850');
INSERT INTO  Company (CompanyNum,CompanyTypeID,CompanyName) VALUES ( 559,2,N'思凯：王立军');
INSERT INTO  Company (CompanyNum,CompanyTypeID,CompanyName) VALUES ( 560,2,N'思凯：王钊、苏玉楼');
INSERT INTO  Company (CompanyNum,CompanyTypeID,CompanyName) VALUES ( 561,2,N'思凯：夏宏涛');
INSERT INTO  Company (CompanyNum,CompanyTypeID,CompanyName) VALUES ( 562,2,N'思凯：许一丁13032655006；用户自建：许勇13473750244');
INSERT INTO  Company (CompanyNum,CompanyTypeID,CompanyName) VALUES ( 563,2,N'思凯：张庆昌');
INSERT INTO  Company (CompanyNum,CompanyTypeID,CompanyName) VALUES ( 564,2,N'思凯；1#-28#夏宏涛；29#-41#苏维春');
INSERT INTO  Company (CompanyNum,CompanyTypeID,CompanyName) VALUES ( 565,2,N'思凯；张庆昌');
INSERT INTO  Company (CompanyNum,CompanyTypeID,CompanyName) VALUES ( 566,2,N'思凯电力：王斌、夏洪涛；用户自建');
INSERT INTO  Company (CompanyNum,CompanyTypeID,CompanyName,ContactPhone) VALUES ( 567,2,N'思凯电力：王斌、邢建虎；  用户自建：舜石工程有限公司：于晓辰15032778488',N'15032778488');
INSERT INTO  Company (CompanyNum,CompanyTypeID,CompanyName) VALUES ( 568,2,N'思凯公司');
INSERT INTO  Company (CompanyNum,CompanyTypeID,CompanyName) VALUES ( 569,2,N'思凯建筑');
INSERT INTO  Company (CompanyNum,CompanyTypeID,CompanyName) VALUES ( 570,2,N'思凯建筑：王斌；用户自建：恒通达');
INSERT INTO  Company (CompanyNum,CompanyTypeID,CompanyName,ContactPhone) VALUES ( 571,2,N'思凯建筑：王利国；用户自建：石家庄三江电力 吴志新13315120216',N'13315120216');
INSERT INTO  Company (CompanyNum,CompanyTypeID,CompanyName) VALUES ( 572,2,N'思凯建筑：邢建虎');
INSERT INTO  Company (CompanyNum,CompanyTypeID,CompanyName,ContactPhone) VALUES ( 573,2,N'思凯建筑：许一丁；用户自建：杨永峰18932721990',N'18932721990');
INSERT INTO  Company (CompanyNum,CompanyTypeID,CompanyName) VALUES ( 574,2,N'思凯建筑：于立群、李广志');
INSERT INTO  Company (CompanyNum,CompanyTypeID,CompanyName) VALUES ( 575,2,N'思凯建筑；王斌');
INSERT INTO  Company (CompanyNum,CompanyTypeID,CompanyName) VALUES ( 576,2,N'思凯建筑公司');
INSERT INTO  Company (CompanyNum,CompanyTypeID,CompanyName) VALUES ( 577,2,N'思凯建筑公司    王斌');
INSERT INTO  Company (CompanyNum,CompanyTypeID,CompanyName) VALUES ( 578,2,N'思凯建筑公司  王斌');
INSERT INTO  Company (CompanyNum,CompanyTypeID,CompanyName) VALUES ( 579,2,N'思凯建筑公司  王斌  孙海波');
INSERT INTO  Company (CompanyNum,CompanyTypeID,CompanyName) VALUES ( 580,2,N'思凯建筑公司  王斌（张庆昌）');
INSERT INTO  Company (CompanyNum,CompanyTypeID,CompanyName) VALUES ( 581,2,N'思凯建筑公司  王聘 13315129807 院内：付健伟18630189115 百宏电力 赵小磊');
INSERT INTO  Company (CompanyNum,CompanyTypeID,CompanyName) VALUES ( 582,2,N'思凯建筑公司  张庆昌');
INSERT INTO  Company (CompanyNum,CompanyTypeID,CompanyName,ContactPhone) VALUES ( 583,2,N'思凯建筑公司 韩 13315129189',N'13315129189');
INSERT INTO  Company (CompanyNum,CompanyTypeID,CompanyName,ContactPhone) VALUES ( 584,2,N'思凯建筑公司 李嘉鹏13315129786 陈文建',N'13315129786');
INSERT INTO  Company (CompanyNum,CompanyTypeID,CompanyName) VALUES ( 585,2,N'思凯建筑公司 王斌（王占元）');
INSERT INTO  Company (CompanyNum,CompanyTypeID,CompanyName,ContactPhone) VALUES ( 586,2,N'思凯建筑公司 王钊 13315129785',N'13315129785');
INSERT INTO  Company (CompanyNum,CompanyTypeID,CompanyName) VALUES ( 587,2,N'思凯建筑公司 翟平');
INSERT INTO  Company (CompanyNum,CompanyTypeID,CompanyName) VALUES ( 588,2,N'思凯建筑公司 翟平 张庆昌');
INSERT INTO  Company (CompanyNum,CompanyTypeID,CompanyName) VALUES ( 589,2,N'思凯建筑公司 郑永军13315129775  苏玉楼13315129313');
INSERT INTO  Company (CompanyNum,CompanyTypeID,CompanyName) VALUES ( 590,2,N'思凯建筑公司：杜');
INSERT INTO  Company (CompanyNum,CompanyTypeID,CompanyName,ContactPhone) VALUES ( 591,2,N'思凯建筑公司：杜鹏13315129787',N'13315129787');
INSERT INTO  Company (CompanyNum,CompanyTypeID,CompanyName) VALUES ( 592,2,N'思凯建筑公司：万增坤');
INSERT INTO  Company (CompanyNum,CompanyTypeID,CompanyName) VALUES ( 593,2,N'思凯建筑公司：万增坤、赵立军');
INSERT INTO  Company (CompanyNum,CompanyTypeID,CompanyName,ContactPhone) VALUES ( 594,2,N'思凯建筑公司：万增坤13315129815、邢建虎',N'13315129815');
INSERT INTO  Company (CompanyNum,CompanyTypeID,CompanyName) VALUES ( 595,2,N'思凯建筑公司：王斌');
INSERT INTO  Company (CompanyNum,CompanyTypeID,CompanyName,ContactPhone) VALUES ( 596,2,N'思凯建筑公司：王斌、苗俊强13315129722',N'13315129722');
INSERT INTO  Company (CompanyNum,CompanyTypeID,CompanyName,ContactPhone) VALUES ( 597,2,N'思凯建筑公司：邢志虎13014388456',N'13014388456');
INSERT INTO  Company (CompanyNum,CompanyTypeID,CompanyName) VALUES ( 598,2,N'思凯建筑公司；苏维春');
INSERT INTO  Company (CompanyNum,CompanyTypeID,CompanyName,ContactPhone) VALUES ( 599,2,N'思凯建筑王斌、夏晓庆13703210184',N'13703210184');
INSERT INTO  Company (CompanyNum,CompanyTypeID,CompanyName) VALUES ( 600,2,N'思凯马永超');
INSERT INTO  Company (CompanyNum,CompanyTypeID,CompanyName) VALUES ( 601,2,N'思凯王斌');
INSERT INTO  Company (CompanyNum,CompanyTypeID,CompanyName) VALUES ( 602,2,N'思凯王斌  夏晓庆');
INSERT INTO  Company (CompanyNum,CompanyTypeID,CompanyName) VALUES ( 603,2,N'思凯王斌 张庆昌');
INSERT INTO  Company (CompanyNum,CompanyTypeID,CompanyName) VALUES ( 604,2,N'思凯王斌、夏晓庆');
INSERT INTO  Company (CompanyNum,CompanyTypeID,CompanyName) VALUES ( 605,2,N'思凯王斌；张永杰；夏小庆；用户自建');
INSERT INTO  Company (CompanyNum,CompanyTypeID,CompanyName) VALUES ( 606,2,N'思凯于立群 、李广志');
INSERT INTO  Company (CompanyNum,CompanyTypeID,CompanyName,ContactPhone) VALUES ( 607,2,N'四川岳池：倪少华13703298052',N'13703298052');
INSERT INTO  Company (CompanyNum,CompanyTypeID,CompanyName,ContactPhone) VALUES ( 608,2,N'送变电：孙文亮13398612700',N'13398612700');
INSERT INTO  Company (CompanyNum,CompanyTypeID,CompanyName) VALUES ( 609,2,N'送电分公司武竹军66662308；石家庄神龙建筑公司');
INSERT INTO  Company (CompanyNum,CompanyTypeID,CompanyName,ContactPhone) VALUES ( 610,2,N'苏维春：13363888909',N'13363888909');
INSERT INTO  Company (CompanyNum,CompanyTypeID,CompanyName) VALUES ( 611,2,N'苏维春；配电中心');
INSERT INTO  Company (CompanyNum,CompanyTypeID,CompanyName) VALUES ( 612,2,N'苏玉楼');
INSERT INTO  Company (CompanyNum,CompanyTypeID,CompanyName,ContactPhone) VALUES ( 613,2,N'苏玉楼：13803110869',N'13803110869');
INSERT INTO  Company (CompanyNum,CompanyTypeID,CompanyName) VALUES ( 614,2,N'苏玉楼；思凯建筑公司：王斌');
INSERT INTO  Company (CompanyNum,CompanyTypeID,CompanyName) VALUES ( 615,2,N'孙海波');
INSERT INTO  Company (CompanyNum,CompanyTypeID,CompanyName) VALUES ( 616,2,N'孙海波 陈文建');
INSERT INTO  Company (CompanyNum,CompanyTypeID,CompanyName) VALUES ( 617,2,N'孙海波；康书柜；王占元');
INSERT INTO  Company (CompanyNum,CompanyTypeID,CompanyName) VALUES ( 618,2,N'孙海平、苏兴化、环城分局：周立庭');
INSERT INTO  Company (CompanyNum,CompanyTypeID,CompanyName) VALUES ( 619,2,N'泰联市政 苏维春（桥西分局）');
INSERT INTO  Company (CompanyNum,CompanyTypeID,CompanyName,ContactPhone) VALUES ( 620,2,N'泰联市政 苏维春15030181666',N'15030181666');
INSERT INTO  Company (CompanyNum,CompanyTypeID,CompanyName,ContactPhone) VALUES ( 621,2,N'泰岳盛 郑利彪 电话；18003319777',N'18003319777');
INSERT INTO  Company (CompanyNum,CompanyTypeID,CompanyName) VALUES ( 622,2,N'檀任杰');
INSERT INTO  Company (CompanyNum,CompanyTypeID,CompanyName,ContactPhone) VALUES ( 623,2,N'檀任杰13230169010',N'13230169010');
INSERT INTO  Company (CompanyNum,CompanyTypeID,CompanyName,ContactPhone) VALUES ( 624,2,N'唐尧建筑公司石家庄分公司 王占元13603393793',N'13603393793');
INSERT INTO  Company (CompanyNum,CompanyTypeID,CompanyName) VALUES ( 625,2,N'天顺房地产');
INSERT INTO  Company (CompanyNum,CompanyTypeID,CompanyName) VALUES ( 626,2,N'天同汽车制造有限公司');
INSERT INTO  Company (CompanyNum,CompanyTypeID,CompanyName) VALUES ( 627,2,N'田新翼');
INSERT INTO  Company (CompanyNum,CompanyTypeID,CompanyName) VALUES ( 628,2,N'铁道二十局  宋纳新：13180471120  叶志坚：13803341878');
INSERT INTO  Company (CompanyNum,CompanyTypeID,CompanyName) VALUES ( 629,2,N'通达市政');
INSERT INTO  Company (CompanyNum,CompanyTypeID,CompanyName,ContactPhone) VALUES ( 630,2,N'通达市政 康书贵、李建会15532128019',N'15532128019');
INSERT INTO  Company (CompanyNum,CompanyTypeID,CompanyName,ContactPhone) VALUES ( 631,2,N'通达市政 苏建雷15532128001',N'15532128001');
INSERT INTO  Company (CompanyNum,CompanyTypeID,CompanyName) VALUES ( 632,2,N'投资办孟宪任；鹏远');
INSERT INTO  Company (CompanyNum,CompanyTypeID,CompanyName) VALUES ( 633,2,N'外线（1#-9#）：思凯；内线（10#-12#）：用户自建');
INSERT INTO  Company (CompanyNum,CompanyTypeID,CompanyName,ContactPhone) VALUES ( 634,2,N'外线（思凯：王斌）；内线（用户自建：宋15343114534）',N'15343114534');
INSERT INTO  Company (CompanyNum,CompanyTypeID,CompanyName) VALUES ( 635,2,N'外线；思凯;泰联:苏维香13363888909（1#-8#);内线:用户自建;华航:李彦华13315');
INSERT INTO  Company (CompanyNum,CompanyTypeID,CompanyName) VALUES ( 636,2,N'万达');
INSERT INTO  Company (CompanyNum,CompanyTypeID,CompanyName) VALUES ( 637,2,N'万达 孙彬');
INSERT INTO  Company (CompanyNum,CompanyTypeID,CompanyName) VALUES ( 638,2,N'万达；三涛');
INSERT INTO  Company (CompanyNum,CompanyTypeID,CompanyName) VALUES ( 639,2,N'万达；用户自建：孙斌');
INSERT INTO  Company (CompanyNum,CompanyTypeID,CompanyName) VALUES ( 640,2,N'万达电力：孙斌');
INSERT INTO  Company (CompanyNum,CompanyTypeID,CompanyName) VALUES ( 641,2,N'万达电力：王涛；盛达市政：李广军、陈涛');
INSERT INTO  Company (CompanyNum,CompanyTypeID,CompanyName) VALUES ( 642,2,N'万达队 王涛');
INSERT INTO  Company (CompanyNum,CompanyTypeID,CompanyName) VALUES ( 643,2,N'王斌');
INSERT INTO  Company (CompanyNum,CompanyTypeID,CompanyName) VALUES ( 644,2,N'王宏松');
INSERT INTO  Company (CompanyNum,CompanyTypeID,CompanyName) VALUES ( 645,2,N'王宏伟');
INSERT INTO  Company (CompanyNum,CompanyTypeID,CompanyName) VALUES ( 646,2,N'王勇');
INSERT INTO  Company (CompanyNum,CompanyTypeID,CompanyName) VALUES ( 647,2,N'王占元');
INSERT INTO  Company (CompanyNum,CompanyTypeID,CompanyName,ContactPhone) VALUES ( 648,2,N'魏13634117660',N'13634117660');
INSERT INTO  Company (CompanyNum,CompanyTypeID,CompanyName) VALUES ( 649,2,N'温');
INSERT INTO  Company (CompanyNum,CompanyTypeID,CompanyName) VALUES ( 650,2,N'夏小庆');
INSERT INTO  Company (CompanyNum,CompanyTypeID,CompanyName) VALUES ( 651,2,N'夏小庆；周晓红；鹏远：王斌');
INSERT INTO  Company (CompanyNum,CompanyTypeID,CompanyName) VALUES ( 652,2,N'夏晓庆');
INSERT INTO  Company (CompanyNum,CompanyTypeID,CompanyName,ContactPhone) VALUES ( 653,2,N'夏晓庆 供用电：王建军13363886039',N'13363886039');
INSERT INTO  Company (CompanyNum,CompanyTypeID,CompanyName) VALUES ( 654,2,N'夏晓庆 劳服');
INSERT INTO  Company (CompanyNum,CompanyTypeID,CompanyName) VALUES ( 655,2,N'夏晓庆（常青）');
INSERT INTO  Company (CompanyNum,CompanyTypeID,CompanyName,ContactPhone) VALUES ( 656,2,N'夏晓庆；陈彦虎13785100355',N'13785100355');
INSERT INTO  Company (CompanyNum,CompanyTypeID,CompanyName) VALUES ( 657,2,N'项目办');
INSERT INTO  Company (CompanyNum,CompanyTypeID,CompanyName) VALUES ( 658,2,N'新大地、亚威市政、排水一公司、排水二公司');
INSERT INTO  Company (CompanyNum,CompanyTypeID,CompanyName,ContactPhone) VALUES ( 659,2,N'新兴队：李会民13703316363',N'13703316363');
INSERT INTO  Company (CompanyNum,CompanyTypeID,CompanyName) VALUES ( 660,2,N'新兴队：任更芹13315125262 负责人：李慧敏13315120866');
INSERT INTO  Company (CompanyNum,CompanyTypeID,CompanyName) VALUES ( 661,2,N'新兴机电设备安装有限公司；杨志坤');
INSERT INTO  Company (CompanyNum,CompanyTypeID,CompanyName,ContactPhone) VALUES ( 662,2,N'新型机电 李惠敏 13703316363',N'13703316363');
INSERT INTO  Company (CompanyNum,CompanyTypeID,CompanyName) VALUES ( 663,2,N'鑫金建筑公司');
INSERT INTO  Company (CompanyNum,CompanyTypeID,CompanyName,ContactPhone) VALUES ( 664,2,N'兴达安装公司 电话13315970687',N'13315970687');
INSERT INTO  Company (CompanyNum,CompanyTypeID,CompanyName) VALUES ( 665,2,N'兴华电力工程安装公司');
INSERT INTO  Company (CompanyNum,CompanyTypeID,CompanyName) VALUES ( 666,2,N'刑建虎');
INSERT INTO  Company (CompanyNum,CompanyTypeID,CompanyName,ContactPhone) VALUES ( 667,2,N'刑来敏13803116761',N'13803116761');
INSERT INTO  Company (CompanyNum,CompanyTypeID,CompanyName) VALUES ( 668,2,N'邢建虎');
INSERT INTO  Company (CompanyNum,CompanyTypeID,CompanyName,ContactPhone) VALUES ( 669,2,N'邢建虎：13014388456',N'13014388456');
INSERT INTO  Company (CompanyNum,CompanyTypeID,CompanyName,ContactPhone) VALUES ( 670,2,N'邢台华电：李强15130654505',N'15130654505');
INSERT INTO  Company (CompanyNum,CompanyTypeID,CompanyName) VALUES ( 671,2,N'邢台华电电力工程有限公司');
INSERT INTO  Company (CompanyNum,CompanyTypeID,CompanyName) VALUES ( 672,2,N'亚威市政');
INSERT INTO  Company (CompanyNum,CompanyTypeID,CompanyName) VALUES ( 673,2,N'亚威市政 李广志');
INSERT INTO  Company (CompanyNum,CompanyTypeID,CompanyName) VALUES ( 674,2,N'亚威市政，城投');
INSERT INTO  Company (CompanyNum,CompanyTypeID,CompanyName) VALUES ( 675,2,N'亚威市政：李广军；鹏远');
INSERT INTO  Company (CompanyNum,CompanyTypeID,CompanyName) VALUES ( 676,2,N'亚威市政：李广志；桥东分局：姚建东');
INSERT INTO  Company (CompanyNum,CompanyTypeID,CompanyName) VALUES ( 677,2,N'亚威市政：齐');
INSERT INTO  Company (CompanyNum,CompanyTypeID,CompanyName) VALUES ( 678,2,N'亚威市政：齐立波');
INSERT INTO  Company (CompanyNum,CompanyTypeID,CompanyName) VALUES ( 679,2,N'亚威市政李广志、鹏远于立群');
INSERT INTO  Company (CompanyNum,CompanyTypeID,CompanyName) VALUES ( 680,2,N'亚伟市政：孙跃周');
INSERT INTO  Company (CompanyNum,CompanyTypeID,CompanyName) VALUES ( 681,2,N'杨永卫');
INSERT INTO  Company (CompanyNum,CompanyTypeID,CompanyName,ContactPhone) VALUES ( 682,2,N'杨勇森15130191286',N'15130191286');
INSERT INTO  Company (CompanyNum,CompanyTypeID,CompanyName) VALUES ( 683,2,N'用电处');
INSERT INTO  Company (CompanyNum,CompanyTypeID,CompanyName) VALUES ( 684,2,N'用电处   张树国');
INSERT INTO  Company (CompanyNum,CompanyTypeID,CompanyName) VALUES ( 685,2,N'用电处  赵希');
INSERT INTO  Company (CompanyNum,CompanyTypeID,CompanyName) VALUES ( 686,2,N'用电处（排水二、五、六）');
INSERT INTO  Company (CompanyNum,CompanyTypeID,CompanyName) VALUES ( 687,2,N'用电处（杨）');
INSERT INTO  Company (CompanyNum,CompanyTypeID,CompanyName) VALUES ( 688,2,N'用电处（赵晰）');
INSERT INTO  Company (CompanyNum,CompanyTypeID,CompanyName) VALUES ( 689,2,N'用电处、排水四公司');
INSERT INTO  Company (CompanyNum,CompanyTypeID,CompanyName,ContactPhone) VALUES ( 690,2,N'用电处：杨宏林；排水一公司：苏立勇13643116786',N'13643116786');
INSERT INTO  Company (CompanyNum,CompanyTypeID,CompanyName) VALUES ( 691,2,N'用电处：张岩、杨宏林、程慧    电缆公司：何');
INSERT INTO  Company (CompanyNum,CompanyTypeID,CompanyName) VALUES ( 692,2,N'用电处赵庆海');
INSERT INTO  Company (CompanyNum,CompanyTypeID,CompanyName) VALUES ( 693,2,N'用户自建');
INSERT INTO  Company (CompanyNum,CompanyTypeID,CompanyName) VALUES ( 694,2,N'用户自建       张志栋');
INSERT INTO  Company (CompanyNum,CompanyTypeID,CompanyName) VALUES ( 695,2,N'用户自建   李会敏');
INSERT INTO  Company (CompanyNum,CompanyTypeID,CompanyName,ContactPhone) VALUES ( 696,2,N'用户自建   石家庄威鑫市政 王继伟 13831139887',N'13831139887');
INSERT INTO  Company (CompanyNum,CompanyTypeID,CompanyName) VALUES ( 697,2,N'用户自建   双凤：董新友');
INSERT INTO  Company (CompanyNum,CompanyTypeID,CompanyName,ContactPhone) VALUES ( 698,2,N'用户自建  董俊芝：13032639281',N'13032639281');
INSERT INTO  Company (CompanyNum,CompanyTypeID,CompanyName) VALUES ( 699,2,N'用户自建  李广志');
INSERT INTO  Company (CompanyNum,CompanyTypeID,CompanyName) VALUES ( 700,2,N'用户自建  李会敏');
INSERT INTO  Company (CompanyNum,CompanyTypeID,CompanyName,ContactPhone) VALUES ( 701,2,N'用户自建  刘增军：13315129296',N'13315129296');
INSERT INTO  Company (CompanyNum,CompanyTypeID,CompanyName,ContactPhone) VALUES ( 702,2,N'用户自建  孟三：13903110993',N'13903110993');
INSERT INTO  Company (CompanyNum,CompanyTypeID,CompanyName) VALUES ( 703,2,N'用户自建  鹏远  于利群');
INSERT INTO  Company (CompanyNum,CompanyTypeID,CompanyName,ContactPhone) VALUES ( 704,2,N'用户自建  强力电力安装公司：王立永13363881150',N'13363881150');
INSERT INTO  Company (CompanyNum,CompanyTypeID,CompanyName) VALUES ( 705,2,N'用户自建  双凤：董新友');
INSERT INTO  Company (CompanyNum,CompanyTypeID,CompanyName) VALUES ( 706,2,N'用户自建  苏维春');
INSERT INTO  Company (CompanyNum,CompanyTypeID,CompanyName) VALUES ( 707,2,N'用户自建  苏玉楼');
INSERT INTO  Company (CompanyNum,CompanyTypeID,CompanyName,ContactPhone) VALUES ( 708,2,N'用户自建  王新民：13131135466',N'13131135466');
INSERT INTO  Company (CompanyNum,CompanyTypeID,CompanyName,ContactPhone) VALUES ( 709,2,N'用户自建  许13333018862',N'13333018862');
INSERT INTO  Company (CompanyNum,CompanyTypeID,CompanyName,ContactPhone) VALUES ( 710,2,N'用户自建  芝凯电力 董俊芝13032639281',N'13032639281');
INSERT INTO  Company (CompanyNum,CompanyTypeID,CompanyName,ContactPhone) VALUES ( 711,2,N'用户自建  周先生 13933182162',N'13933182162');
INSERT INTO  Company (CompanyNum,CompanyTypeID,CompanyName) VALUES ( 712,2,N'用户自建 常青   夏晓庆');
INSERT INTO  Company (CompanyNum,CompanyTypeID,CompanyName,ContactPhone) VALUES ( 713,2,N'用户自建 陈安民13303030212',N'13303030212');
INSERT INTO  Company (CompanyNum,CompanyTypeID,CompanyName) VALUES ( 714,2,N'用户自建 陈立国13001804838 赵希13931188879');
INSERT INTO  Company (CompanyNum,CompanyTypeID,CompanyName) VALUES ( 715,2,N'用户自建 冯友平13315970958 15532122266');
INSERT INTO  Company (CompanyNum,CompanyTypeID,CompanyName,ContactPhone) VALUES ( 716,2,N'用户自建 河北省乾荣城市建设有限公司 李英乐18931865676',N'18931865676');
INSERT INTO  Company (CompanyNum,CompanyTypeID,CompanyName) VALUES ( 717,2,N'用户自建 环路市政');
INSERT INTO  Company (CompanyNum,CompanyTypeID,CompanyName) VALUES ( 718,2,N'用户自建 石家庄市森田电子通信有限公司');
INSERT INTO  Company (CompanyNum,CompanyTypeID,CompanyName) VALUES ( 719,2,N'用户自建 石家庄市新大电力安装工程有限公司');
INSERT INTO  Company (CompanyNum,CompanyTypeID,CompanyName) VALUES ( 720,2,N'用户自建 石家庄双凤安装工程有限公司');
INSERT INTO  Company (CompanyNum,CompanyTypeID,CompanyName) VALUES ( 721,2,N'用户自建 双凤 董新友');
INSERT INTO  Company (CompanyNum,CompanyTypeID,CompanyName) VALUES ( 722,2,N'用户自建 舜石 于晓辰');
INSERT INTO  Company (CompanyNum,CompanyTypeID,CompanyName) VALUES ( 723,2,N'用户自建 王桂新13722981067 张庆昌13315129970');
INSERT INTO  Company (CompanyNum,CompanyTypeID,CompanyName) VALUES ( 724,2,N'用户自建 邢建虎');
INSERT INTO  Company (CompanyNum,CompanyTypeID,CompanyName,ContactPhone) VALUES ( 725,2,N'用户自建 张京立13303313069',N'13303313069');
INSERT INTO  Company (CompanyNum,CompanyTypeID,CompanyName,ContactPhone) VALUES ( 726,2,N'用户自建 张沛三13784308105',N'13784308105');
INSERT INTO  Company (CompanyNum,CompanyTypeID,CompanyName) VALUES ( 727,2,N'用户自建 张庆昌');
INSERT INTO  Company (CompanyNum,CompanyTypeID,CompanyName,ContactPhone) VALUES ( 728,2,N'用户自建 中太建设集团 王连杰13831112197',N'13831112197');
INSERT INTO  Company (CompanyNum,CompanyTypeID,CompanyName,ContactPhone) VALUES ( 729,2,N'用户自建（J保生13363885696）',N'13363885696');
INSERT INTO  Company (CompanyNum,CompanyTypeID,CompanyName) VALUES ( 730,2,N'用户自建（阿尔卡迪亚）');
INSERT INTO  Company (CompanyNum,CompanyTypeID,CompanyName) VALUES ( 731,2,N'用户自建（恒通达）');
INSERT INTO  Company (CompanyNum,CompanyTypeID,CompanyName,ContactPhone) VALUES ( 732,2,N'用户自建（利达）：魏天亮13315129273',N'13315129273');
INSERT INTO  Company (CompanyNum,CompanyTypeID,CompanyName,ContactPhone) VALUES ( 733,2,N'用户自建（利达）13315129273',N'13315129273');
INSERT INTO  Company (CompanyNum,CompanyTypeID,CompanyName,ContactPhone) VALUES ( 734,2,N'用户自建（乾荣公司）李关乐18931865676',N'18931865676');
INSERT INTO  Company (CompanyNum,CompanyTypeID,CompanyName,ContactPhone) VALUES ( 735,2,N'用户自建（万达队）张林静13363887725',N'13363887725');
INSERT INTO  Company (CompanyNum,CompanyTypeID,CompanyName,ContactPhone) VALUES ( 736,2,N'用户自建，广电：13191880530',N'13191880530');
INSERT INTO  Company (CompanyNum,CompanyTypeID,CompanyName,ContactPhone) VALUES ( 737,2,N'用户自建，刘增军13315129296',N'13315129296');
INSERT INTO  Company (CompanyNum,CompanyTypeID,CompanyName,ContactPhone) VALUES ( 738,2,N'用户自建、河北宋鑫建业集团有限公司：陈凯13363860109',N'13363860109');
INSERT INTO  Company (CompanyNum,CompanyTypeID,CompanyName,ContactPhone) VALUES ( 739,2,N'用户自建、联系人；闫玉河、电话；13315129056',N'13315129056');
INSERT INTO  Company (CompanyNum,CompanyTypeID,CompanyName) VALUES ( 740,2,N'用户自建、石家庄市兴信建筑工程有限公司');
INSERT INTO  Company (CompanyNum,CompanyTypeID,CompanyName) VALUES ( 741,2,N'用户自建： 孟俊山');
INSERT INTO  Company (CompanyNum,CompanyTypeID,CompanyName) VALUES ( 742,2,N'用户自建：（ 夏）');
INSERT INTO  Company (CompanyNum,CompanyTypeID,CompanyName) VALUES ( 743,2,N'用户自建：（恒通达）张峰');
INSERT INTO  Company (CompanyNum,CompanyTypeID,CompanyName,ContactPhone) VALUES ( 744,2,N'用户自建：（宏建）于建波13315129293',N'13315129293');
INSERT INTO  Company (CompanyNum,CompanyTypeID,CompanyName,ContactPhone) VALUES ( 745,2,N'用户自建：13315125266',N'13315125266');
INSERT INTO  Company (CompanyNum,CompanyTypeID,CompanyName,ContactPhone) VALUES ( 746,2,N'用户自建：15369170926',N'15369170926');
INSERT INTO  Company (CompanyNum,CompanyTypeID,CompanyName) VALUES ( 747,2,N'用户自建：鲍志慧');
INSERT INTO  Company (CompanyNum,CompanyTypeID,CompanyName,ContactPhone) VALUES ( 748,2,N'用户自建：蔡树涛13613118233',N'13613118233');
INSERT INTO  Company (CompanyNum,CompanyTypeID,CompanyName) VALUES ( 749,2,N'用户自建：陈立国13001804838；赵希13931188879');
INSERT INTO  Company (CompanyNum,CompanyTypeID,CompanyName) VALUES ( 750,2,N'用户自建：陈文超137033398398；利达水电');
INSERT INTO  Company (CompanyNum,CompanyTypeID,CompanyName) VALUES ( 751,2,N'用户自建:陈文起');
INSERT INTO  Company (CompanyNum,CompanyTypeID,CompanyName) VALUES ( 752,2,N'用户自建：董新友');
INSERT INTO  Company (CompanyNum,CompanyTypeID,CompanyName) VALUES ( 753,2,N'用户自建：杜海江');
INSERT INTO  Company (CompanyNum,CompanyTypeID,CompanyName,ContactPhone) VALUES ( 754,2,N'用户自建：樊兆华13315127001',N'13315127001');
INSERT INTO  Company (CompanyNum,CompanyTypeID,CompanyName,ContactPhone) VALUES ( 755,2,N'用户自建：高18831122318',N'18831122318');
INSERT INTO  Company (CompanyNum,CompanyTypeID,CompanyName,ContactPhone) VALUES ( 756,2,N'用户自建：高尚峰18633000253',N'18633000253');
INSERT INTO  Company (CompanyNum,CompanyTypeID,CompanyName,ContactPhone) VALUES ( 757,2,N'用户自建：耿玉秋13315103510',N'13315103510');
INSERT INTO  Company (CompanyNum,CompanyTypeID,CompanyName,ContactPhone) VALUES ( 758,2,N'用户自建：谷建辉13249355555',N'13249355555');
INSERT INTO  Company (CompanyNum,CompanyTypeID,CompanyName,ContactPhone) VALUES ( 759,2,N'用户自建：郭秦莲13603314955',N'13603314955');
INSERT INTO  Company (CompanyNum,CompanyTypeID,CompanyName,ContactPhone) VALUES ( 760,2,N'用户自建：翰博地产：张胡华13363889310',N'13363889310');
INSERT INTO  Company (CompanyNum,CompanyTypeID,CompanyName) VALUES ( 761,2,N'用户自建：何巍13613301707；百宏电力：杨永峰18932721990；鹏远：李志新、张庆昌');
INSERT INTO  Company (CompanyNum,CompanyTypeID,CompanyName,ContactPhone) VALUES ( 762,2,N'用户自建：何毅  13785171995',N'13785171995');
INSERT INTO  Company (CompanyNum,CompanyTypeID,CompanyName,ContactPhone) VALUES ( 763,2,N'用户自建：何永富13001890666',N'13001890666');
INSERT INTO  Company (CompanyNum,CompanyTypeID,CompanyName) VALUES ( 764,2,N'用户自建：河北京鑫建设集团');
INSERT INTO  Company (CompanyNum,CompanyTypeID,CompanyName,ContactPhone) VALUES ( 765,2,N'用户自建：河北唐尧建筑工程有限公司  赵永江13933080675',N'13933080675');
INSERT INTO  Company (CompanyNum,CompanyTypeID,CompanyName) VALUES ( 766,2,N'用户自建：河南一建集团、梁海燕');
INSERT INTO  Company (CompanyNum,CompanyTypeID,CompanyName,ContactPhone) VALUES ( 767,2,N'用户自建：赫习峰15933011119；赵江浩',N'15933011119');
INSERT INTO  Company (CompanyNum,CompanyTypeID,CompanyName,ContactPhone) VALUES ( 768,2,N'用户自建：恒通达（张勇、王雷）13363885267',N'13363885267');
INSERT INTO  Company (CompanyNum,CompanyTypeID,CompanyName,ContactPhone) VALUES ( 769,2,N'用户自建：宏建电力安装公司（于建波13315129293）',N'13315129293');
INSERT INTO  Company (CompanyNum,CompanyTypeID,CompanyName,ContactPhone) VALUES ( 770,2,N'用户自建：侯建立13331367262',N'13331367262');
INSERT INTO  Company (CompanyNum,CompanyTypeID,CompanyName,ContactPhone) VALUES ( 771,2,N'用户自建：华鹏建筑安装公司、郭13111531342',N'13111531342');
INSERT INTO  Company (CompanyNum,CompanyTypeID,CompanyName) VALUES ( 772,2,N'用户自建：华鹏建筑公司');
INSERT INTO  Company (CompanyNum,CompanyTypeID,CompanyName,ContactPhone) VALUES ( 773,2,N'用户自建：黄志安13582334298',N'13582334298');
INSERT INTO  Company (CompanyNum,CompanyTypeID,CompanyName,ContactPhone) VALUES ( 774,2,N'用户自建：建同公司郑立彪15533900880',N'15533900880');
INSERT INTO  Company (CompanyNum,CompanyTypeID,CompanyName) VALUES ( 775,2,N'用户自建：建筑公司');
INSERT INTO  Company (CompanyNum,CompanyTypeID,CompanyName,ContactPhone) VALUES ( 776,2,N'用户自建：蒋争春  13613116160',N'13613116160');
INSERT INTO  Company (CompanyNum,CompanyTypeID,CompanyName,ContactPhone) VALUES ( 777,2,N'用户自建：蒋争春13613116160',N'13613116160');
INSERT INTO  Company (CompanyNum,CompanyTypeID,CompanyName,ContactPhone) VALUES ( 778,2,N'用户自建：杰诚电力 刘建军 13930405030',N'13930405030');
INSERT INTO  Company (CompanyNum,CompanyTypeID,CompanyName) VALUES ( 779,2,N'用户自建：杰诚队 陈安民；思凯建筑公司：王斌');
INSERT INTO  Company (CompanyNum,CompanyTypeID,CompanyName) VALUES ( 780,2,N'用户自建：李广志');
INSERT INTO  Company (CompanyNum,CompanyTypeID,CompanyName) VALUES ( 781,2,N'用户自建：李会敏');
INSERT INTO  Company (CompanyNum,CompanyTypeID,CompanyName) VALUES ( 782,2,N'用户自建：李强');
INSERT INTO  Company (CompanyNum,CompanyTypeID,CompanyName,ContactPhone) VALUES ( 783,2,N'用户自建：李文艺、刘凤利13323211112',N'13323211112');
INSERT INTO  Company (CompanyNum,CompanyTypeID,CompanyName,ContactPhone) VALUES ( 784,2,N'用户自建：李彦辉15230850868、李英乐',N'15230850868');
INSERT INTO  Company (CompanyNum,CompanyTypeID,CompanyName,ContactPhone) VALUES ( 785,2,N'用户自建：李召军13398619075',N'13398619075');
INSERT INTO  Company (CompanyNum,CompanyTypeID,CompanyName) VALUES ( 786,2,N'用户自建：李志新');
INSERT INTO  Company (CompanyNum,CompanyTypeID,CompanyName) VALUES ( 787,2,N'用户自建：利达');
INSERT INTO  Company (CompanyNum,CompanyTypeID,CompanyName,ContactPhone) VALUES ( 788,2,N'用户自建：利达、王庄13171590848',N'13171590848');
INSERT INTO  Company (CompanyNum,CompanyTypeID,CompanyName) VALUES ( 789,2,N'用户自建：利达；孙应鹏');
INSERT INTO  Company (CompanyNum,CompanyTypeID,CompanyName) VALUES ( 790,2,N'用户自建:刘建军');
INSERT INTO  Company (CompanyNum,CompanyTypeID,CompanyName,ContactPhone) VALUES ( 791,2,N'用户自建：刘建军、邢晨光15633019999',N'15633019999');
INSERT INTO  Company (CompanyNum,CompanyTypeID,CompanyName,ContactPhone) VALUES ( 792,2,N'用户自建：刘建军13930405030',N'13930405030');
INSERT INTO  Company (CompanyNum,CompanyTypeID,CompanyName) VALUES ( 793,2,N'用户自建：刘建军15930405030；刘凤利13323211112');
INSERT INTO  Company (CompanyNum,CompanyTypeID,CompanyName) VALUES ( 794,2,N'用户自建：刘建勇');
INSERT INTO  Company (CompanyNum,CompanyTypeID,CompanyName,ContactPhone) VALUES ( 795,2,N'用户自建：刘立冰13102868971',N'13102868971');
INSERT INTO  Company (CompanyNum,CompanyTypeID,CompanyName) VALUES ( 796,2,N'用户自建：刘增军');
INSERT INTO  Company (CompanyNum,CompanyTypeID,CompanyName,ContactPhone) VALUES ( 797,2,N'用户自建：刘增军13315129296',N'13315129296');
INSERT INTO  Company (CompanyNum,CompanyTypeID,CompanyName,ContactPhone) VALUES ( 798,2,N'用户自建：倪少华13703298052',N'13703298052');
INSERT INTO  Company (CompanyNum,CompanyTypeID,CompanyName) VALUES ( 799,2,N'用户自建：鹏远');
INSERT INTO  Company (CompanyNum,CompanyTypeID,CompanyName,ContactPhone) VALUES ( 800,2,N'用户自建：鹏远、于利群    赵林英：13363883581',N'13363883581');
INSERT INTO  Company (CompanyNum,CompanyTypeID,CompanyName) VALUES ( 801,2,N'用户自建：强力（宋义勇）');
INSERT INTO  Company (CompanyNum,CompanyTypeID,CompanyName,ContactPhone) VALUES ( 802,2,N'用户自建：强力；宋铁军13315129631',N'13315129631');
INSERT INTO  Company (CompanyNum,CompanyTypeID,CompanyName) VALUES ( 803,2,N'用户自建：桥东卢银锁');
INSERT INTO  Company (CompanyNum,CompanyTypeID,CompanyName) VALUES ( 804,2,N'用户自建：任伟131800053578');
INSERT INTO  Company (CompanyNum,CompanyTypeID,CompanyName) VALUES ( 805,2,N'用户自建：石家庄市利达水电装饰工程有限公司：赵懂');
INSERT INTO  Company (CompanyNum,CompanyTypeID,CompanyName,ContactPhone) VALUES ( 806,2,N'用户自建：石家庄市利达水电装饰有限公司、张天亮13315129273',N'13315129273');
INSERT INTO  Company (CompanyNum,CompanyTypeID,CompanyName) VALUES ( 807,2,N'用户自建：石家庄市中磊建筑有限公司');
INSERT INTO  Company (CompanyNum,CompanyTypeID,CompanyName) VALUES ( 808,2,N'用户自建：双凤');
INSERT INTO  Company (CompanyNum,CompanyTypeID,CompanyName) VALUES ( 809,2,N'用户自建：双凤、董新友');
INSERT INTO  Company (CompanyNum,CompanyTypeID,CompanyName,ContactPhone) VALUES ( 810,2,N'用户自建：双凤：吴林丰13363885258',N'13363885258');
INSERT INTO  Company (CompanyNum,CompanyTypeID,CompanyName) VALUES ( 811,2,N'用户自建：双凤安装公司  董新友');
INSERT INTO  Company (CompanyNum,CompanyTypeID,CompanyName,ContactPhone) VALUES ( 812,2,N'用户自建：双凤董新友13363885259',N'13363885259');
INSERT INTO  Company (CompanyNum,CompanyTypeID,CompanyName) VALUES ( 813,2,N'用户自建：苏维春');
INSERT INTO  Company (CompanyNum,CompanyTypeID,CompanyName,ContactPhone) VALUES ( 814,2,N'用户自建：苏维春13363888909',N'13363888909');
INSERT INTO  Company (CompanyNum,CompanyTypeID,CompanyName) VALUES ( 815,2,N'用户自建：孙彬');
INSERT INTO  Company (CompanyNum,CompanyTypeID,CompanyName) VALUES ( 816,2,N'用户自建：孙斌');
INSERT INTO  Company (CompanyNum,CompanyTypeID,CompanyName,ContactPhone) VALUES ( 817,2,N'用户自建：孙天亮13315129273',N'13315129273');
INSERT INTO  Company (CompanyNum,CompanyTypeID,CompanyName) VALUES ( 818,2,N'用户自建：泰联市政（苏）');
INSERT INTO  Company (CompanyNum,CompanyTypeID,CompanyName,ContactPhone) VALUES ( 819,2,N'用户自建：桃奇13315122312',N'13315122312');
INSERT INTO  Company (CompanyNum,CompanyTypeID,CompanyName,ContactPhone) VALUES ( 820,2,N'用户自建：通达市政工程公司；王继光13831139887',N'13831139887');
INSERT INTO  Company (CompanyNum,CompanyTypeID,CompanyName) VALUES ( 821,2,N'用户自建：王宏松');
INSERT INTO  Company (CompanyNum,CompanyTypeID,CompanyName,ContactPhone) VALUES ( 822,2,N'用户自建：王宏松；杨玉川13001491061',N'13001491061');
INSERT INTO  Company (CompanyNum,CompanyTypeID,CompanyName) VALUES ( 823,2,N'用户自建：王金池');
INSERT INTO  Company (CompanyNum,CompanyTypeID,CompanyName) VALUES ( 824,2,N'用户自建：王先华');
INSERT INTO  Company (CompanyNum,CompanyTypeID,CompanyName) VALUES ( 825,2,N'用户自建：王显华');
INSERT INTO  Company (CompanyNum,CompanyTypeID,CompanyName) VALUES ( 826,2,N'用户自建：王宪华');
INSERT INTO  Company (CompanyNum,CompanyTypeID,CompanyName,ContactPhone) VALUES ( 827,2,N'用户自建：魏亮13331363022',N'13331363022');
INSERT INTO  Company (CompanyNum,CompanyTypeID,CompanyName) VALUES ( 828,2,N'用户自建：魏天亮');
INSERT INTO  Company (CompanyNum,CompanyTypeID,CompanyName,ContactPhone) VALUES ( 829,2,N'用户自建：魏天亮13315129273',N'13315129273');
INSERT INTO  Company (CompanyNum,CompanyTypeID,CompanyName,ContactPhone) VALUES ( 830,2,N'用户自建：吴云华13333388075',N'13333388075');
INSERT INTO  Company (CompanyNum,CompanyTypeID,CompanyName,ContactPhone) VALUES ( 831,2,N'用户自建：武树桂13363883619',N'13363883619');
INSERT INTO  Company (CompanyNum,CompanyTypeID,CompanyName) VALUES ( 832,2,N'用户自建：夏宏涛');
INSERT INTO  Company (CompanyNum,CompanyTypeID,CompanyName,ContactPhone) VALUES ( 833,2,N'用户自建：夏宏涛15176181030',N'15176181030');
INSERT INTO  Company (CompanyNum,CompanyTypeID,CompanyName,ContactPhone) VALUES ( 834,2,N'用户自建：夏宏涛18503110589',N'18503110589');
INSERT INTO  Company (CompanyNum,CompanyTypeID,CompanyName) VALUES ( 835,2,N'用户自建：夏洪涛');
INSERT INTO  Company (CompanyNum,CompanyTypeID,CompanyName) VALUES ( 836,2,N'用户自建：夏小庆');
INSERT INTO  Company (CompanyNum,CompanyTypeID,CompanyName,ContactPhone) VALUES ( 837,2,N'用户自建：夏晓庆（王建波13513311536）',N'13513311536');
INSERT INTO  Company (CompanyNum,CompanyTypeID,CompanyName,ContactPhone) VALUES ( 838,2,N'用户自建：谢13931166589',N'13931166589');
INSERT INTO  Company (CompanyNum,CompanyTypeID,CompanyName) VALUES ( 839,2,N'用户自建：新兴队');
INSERT INTO  Company (CompanyNum,CompanyTypeID,CompanyName,ContactPhone) VALUES ( 840,2,N'用户自建：邢晨光13831182078',N'13831182078');
INSERT INTO  Company (CompanyNum,CompanyTypeID,CompanyName) VALUES ( 841,2,N'用户自建：邢建波');
INSERT INTO  Company (CompanyNum,CompanyTypeID,CompanyName) VALUES ( 842,2,N'用户自建：邢建虎');
INSERT INTO  Company (CompanyNum,CompanyTypeID,CompanyName,ContactPhone) VALUES ( 843,2,N'用户自建：邢建设13011590590',N'13011590590');
INSERT INTO  Company (CompanyNum,CompanyTypeID,CompanyName) VALUES ( 844,2,N'用户自建：邢来敏13903110196；李广军；百宏电力：赵晓磊13315121699');
INSERT INTO  Company (CompanyNum,CompanyTypeID,CompanyName,ContactPhone) VALUES ( 845,2,N'用户自建：徐13832351887',N'13832351887');
INSERT INTO  Company (CompanyNum,CompanyTypeID,CompanyName) VALUES ( 846,2,N'用户自建：许一丁');
INSERT INTO  Company (CompanyNum,CompanyTypeID,CompanyName) VALUES ( 847,2,N'用户自建：薛宝森18831125777；张越18831108330');
INSERT INTO  Company (CompanyNum,CompanyTypeID,CompanyName) VALUES ( 848,2,N'用户自建：亚威市政');
INSERT INTO  Company (CompanyNum,CompanyTypeID,CompanyName,ContactPhone) VALUES ( 849,2,N'用户自建：杨海云18931106777',N'18931106777');
INSERT INTO  Company (CompanyNum,CompanyTypeID,CompanyName,ContactPhone) VALUES ( 850,2,N'用户自建：杨晓飞13363881173',N'13363881173');
INSERT INTO  Company (CompanyNum,CompanyTypeID,CompanyName,ContactPhone) VALUES ( 851,2,N'用户自建：杨忠远13832162946',N'13832162946');
INSERT INTO  Company (CompanyNum,CompanyTypeID,CompanyName,ContactPhone) VALUES ( 852,2,N'用户自建：姚奇13315122312',N'13315122312');
INSERT INTO  Company (CompanyNum,CompanyTypeID,CompanyName) VALUES ( 853,2,N'用户自建：于立群');
INSERT INTO  Company (CompanyNum,CompanyTypeID,CompanyName,ContactPhone) VALUES ( 854,2,N'用户自建：于晓辰18033730953',N'18033730953');
INSERT INTO  Company (CompanyNum,CompanyTypeID,CompanyName,ContactPhone) VALUES ( 855,2,N'用户自建：跃文山13722897628；思凯：王斌、王宏松',N'13722897628');
INSERT INTO  Company (CompanyNum,CompanyTypeID,CompanyName) VALUES ( 856,2,N'用户自建：张立群');
INSERT INTO  Company (CompanyNum,CompanyTypeID,CompanyName) VALUES ( 857,2,N'用户自建：张庆昌');
INSERT INTO  Company (CompanyNum,CompanyTypeID,CompanyName,ContactPhone) VALUES ( 858,2,N'用户自建：张世清13931885666',N'13931885666');
INSERT INTO  Company (CompanyNum,CompanyTypeID,CompanyName,ContactPhone) VALUES ( 859,2,N'用户自建：张学13363885272',N'13363885272');
INSERT INTO  Company (CompanyNum,CompanyTypeID,CompanyName) VALUES ( 860,2,N'用户自建：张振林');
INSERT INTO  Company (CompanyNum,CompanyTypeID,CompanyName) VALUES ( 861,2,N'用户自建：兆红电力');
INSERT INTO  Company (CompanyNum,CompanyTypeID,CompanyName) VALUES ( 862,2,N'用户自建：兆红电力（王宏松）');
INSERT INTO  Company (CompanyNum,CompanyTypeID,CompanyName) VALUES ( 863,2,N'用户自建：兆江电力王宏松');
INSERT INTO  Company (CompanyNum,CompanyTypeID,CompanyName,ContactPhone) VALUES ( 864,2,N'用户自建：赵琦13931179894',N'13931179894');
INSERT INTO  Company (CompanyNum,CompanyTypeID,CompanyName,ContactPhone) VALUES ( 865,2,N'用户自建：赵彦浩13933091083',N'13933091083');
INSERT INTO  Company (CompanyNum,CompanyTypeID,CompanyName,ContactPhone) VALUES ( 866,2,N'用户自建：郑泽光15076321912',N'15076321912');
INSERT INTO  Company (CompanyNum,CompanyTypeID,CompanyName) VALUES ( 867,2,N'用户自建：中磊  刘增军');
INSERT INTO  Company (CompanyNum,CompanyTypeID,CompanyName) VALUES ( 868,2,N'用户自建：中磊建筑公司、邢来敏');
INSERT INTO  Company (CompanyNum,CompanyTypeID,CompanyName,ContactPhone) VALUES ( 869,2,N'用户自建：朱军齐13931115699',N'13931115699');
INSERT INTO  Company (CompanyNum,CompanyTypeID,CompanyName) VALUES ( 870,2,N'用户自建：朱志军');
INSERT INTO  Company (CompanyNum,CompanyTypeID,CompanyName) VALUES ( 871,2,N'用户自建； 森田、姚奇');
INSERT INTO  Company (CompanyNum,CompanyTypeID,CompanyName,ContactPhone) VALUES ( 872,2,N'用户自建；创维电力：董建强13363887730',N'13363887730');
INSERT INTO  Company (CompanyNum,CompanyTypeID,CompanyName) VALUES ( 873,2,N'用户自建；道桥三');
INSERT INTO  Company (CompanyNum,CompanyTypeID,CompanyName) VALUES ( 874,2,N'用户自建；董');
INSERT INTO  Company (CompanyNum,CompanyTypeID,CompanyName,ContactPhone) VALUES ( 875,2,N'用户自建；董13032639281',N'13032639281');
INSERT INTO  Company (CompanyNum,CompanyTypeID,CompanyName) VALUES ( 876,2,N'用户自建；董新友');
INSERT INTO  Company (CompanyNum,CompanyTypeID,CompanyName) VALUES ( 877,2,N'用户自建；海华电力（李彦辉、孙英利）');
INSERT INTO  Company (CompanyNum,CompanyTypeID,CompanyName,ContactPhone) VALUES ( 878,2,N'用户自建；河北天宏建筑工程有限公司，赵志斌：13315127311',N'13315127311');
INSERT INTO  Company (CompanyNum,CompanyTypeID,CompanyName,ContactPhone) VALUES ( 879,2,N'用户自建；恒通达：张峰13315129235',N'13315129235');
INSERT INTO  Company (CompanyNum,CompanyTypeID,CompanyName,ContactPhone) VALUES ( 880,2,N'用户自建；宏建电力公司黄志安13582334298',N'13582334298');
INSERT INTO  Company (CompanyNum,CompanyTypeID,CompanyName,ContactPhone) VALUES ( 881,2,N'用户自建；华航电力：孙培基15369111845',N'15369111845');
INSERT INTO  Company (CompanyNum,CompanyTypeID,CompanyName) VALUES ( 882,2,N'用户自建；捷成');
INSERT INTO  Company (CompanyNum,CompanyTypeID,CompanyName,ContactPhone) VALUES ( 883,2,N'用户自建；凯舟电力：孙彬15350535317',N'15350535317');
INSERT INTO  Company (CompanyNum,CompanyTypeID,CompanyName) VALUES ( 884,2,N'用户自建；利达队');
INSERT INTO  Company (CompanyNum,CompanyTypeID,CompanyName) VALUES ( 885,2,N'用户自建；刘增军');
INSERT INTO  Company (CompanyNum,CompanyTypeID,CompanyName) VALUES ( 886,2,N'用户自建；南宫：张庆昌');
INSERT INTO  Company (CompanyNum,CompanyTypeID,CompanyName,ContactPhone) VALUES ( 887,2,N'用户自建；强力公司；张13784301334；赵林英；乾荣城市建设有限公司',N'13784301334');
INSERT INTO  Company (CompanyNum,CompanyTypeID,CompanyName) VALUES ( 888,2,N'用户自建；桥西分局');
INSERT INTO  Company (CompanyNum,CompanyTypeID,CompanyName) VALUES ( 889,2,N'用户自建；森田：姚奇');
INSERT INTO  Company (CompanyNum,CompanyTypeID,CompanyName,ContactPhone) VALUES ( 890,2,N'用户自建；石家庄广电13363860109',N'13363860109');
INSERT INTO  Company (CompanyNum,CompanyTypeID,CompanyName,ContactPhone) VALUES ( 891,2,N'用户自建；石家庄市卓恒建筑安装有限公司；双凤：蒋为彬13363885256',N'13363885256');
INSERT INTO  Company (CompanyNum,CompanyTypeID,CompanyName) VALUES ( 892,2,N'用户自建；石家庄思凯电力建设有限公司；供用电一分公司：王建国');
INSERT INTO  Company (CompanyNum,CompanyTypeID,CompanyName) VALUES ( 893,2,N'用户自建；双凤：董新友');
INSERT INTO  Company (CompanyNum,CompanyTypeID,CompanyName,ContactPhone) VALUES ( 894,2,N'用户自建；宋亚龙18332015903',N'18332015903');
INSERT INTO  Company (CompanyNum,CompanyTypeID,CompanyName) VALUES ( 895,2,N'用户自建；苏维春');
INSERT INTO  Company (CompanyNum,CompanyTypeID,CompanyName,ContactPhone) VALUES ( 896,2,N'用户自建；孙13175908481',N'13175908481');
INSERT INTO  Company (CompanyNum,CompanyTypeID,CompanyName,ContactPhone) VALUES ( 897,2,N'用户自建；万达：张林静13363887725',N'13363887725');
INSERT INTO  Company (CompanyNum,CompanyTypeID,CompanyName,ContactPhone) VALUES ( 898,2,N'用户自建；王桩13703398398',N'13703398398');
INSERT INTO  Company (CompanyNum,CompanyTypeID,CompanyName) VALUES ( 899,2,N'用户自建；夏晓庆');
INSERT INTO  Company (CompanyNum,CompanyTypeID,CompanyName,ContactPhone) VALUES ( 900,2,N'用户自建；邢来敏13903110196',N'13903110196');
INSERT INTO  Company (CompanyNum,CompanyTypeID,CompanyName) VALUES ( 901,2,N'用户自建；亚威市政');
INSERT INTO  Company (CompanyNum,CompanyTypeID,CompanyName,ContactPhone) VALUES ( 902,2,N'用户自建；永昌建筑有限公司：赵懂13363883031',N'13363883031');
INSERT INTO  Company (CompanyNum,CompanyTypeID,CompanyName) VALUES ( 903,2,N'用户自建；煜林建筑：刘建军');
INSERT INTO  Company (CompanyNum,CompanyTypeID,CompanyName,ContactPhone) VALUES ( 904,2,N'用户自建；张君（恒通达）13832111117',N'13832111117');
INSERT INTO  Company (CompanyNum,CompanyTypeID,CompanyName) VALUES ( 905,2,N'用户自建；中磊；黄志安（于建波）');
INSERT INTO  Company (CompanyNum,CompanyTypeID,CompanyName) VALUES ( 906,2,N'用户自建；周小红');
INSERT INTO  Company (CompanyNum,CompanyTypeID,CompanyName,ContactPhone) VALUES ( 907,2,N'用户自建13081001986',N'13081001986');
INSERT INTO  Company (CompanyNum,CompanyTypeID,CompanyName,ContactPhone) VALUES ( 908,2,N'用户自建海华电力：李建军13303115219',N'13303115219');
INSERT INTO  Company (CompanyNum,CompanyTypeID,CompanyName,ContactPhone) VALUES ( 909,2,N'用户自建河北煜林建筑刘建军13930405030',N'13930405030');
INSERT INTO  Company (CompanyNum,CompanyTypeID,CompanyName) VALUES ( 910,2,N'用户自建双凤董新友');
INSERT INTO  Company (CompanyNum,CompanyTypeID,CompanyName,ContactPhone) VALUES ( 911,2,N'用户自建王13933040339；石家庄建工集团',N'13933040339');
INSERT INTO  Company (CompanyNum,CompanyTypeID,CompanyName,ContactPhone) VALUES ( 912,2,N'用户自建于晓辰18032778988',N'18032778988');
INSERT INTO  Company (CompanyNum,CompanyTypeID,CompanyName) VALUES ( 913,2,N'于立群');
INSERT INTO  Company (CompanyNum,CompanyTypeID,CompanyName) VALUES ( 914,2,N'裕华分局 苏玉楼');
INSERT INTO  Company (CompanyNum,CompanyTypeID,CompanyName) VALUES ( 915,2,N'裕华开发分局 王玉贞 、苏玉楼');
INSERT INTO  Company (CompanyNum,CompanyTypeID,CompanyName) VALUES ( 916,2,N'裕华开发分局：王玉贞  双凤安装公司：董永会');
INSERT INTO  Company (CompanyNum,CompanyTypeID,CompanyName,ContactPhone) VALUES ( 917,2,N'裕华开发分局：王玉贞、孙应鹏13363888851',N'13363888851');
INSERT INTO  Company (CompanyNum,CompanyTypeID,CompanyName,ContactPhone) VALUES ( 918,2,N'裕华开发分局：王玉贞；杨海云13784300939',N'13784300939');
INSERT INTO  Company (CompanyNum,CompanyTypeID,CompanyName) VALUES ( 919,2,N'裕华开发分局；双凤：董新友、董瑞海');
INSERT INTO  Company (CompanyNum,CompanyTypeID,CompanyName) VALUES ( 920,2,N'裕华开发分局王玉贞');
INSERT INTO  Company (CompanyNum,CompanyTypeID,CompanyName) VALUES ( 921,2,N'裕华开发公司  王玉贞');
INSERT INTO  Company (CompanyNum,CompanyTypeID,CompanyName,ContactPhone) VALUES ( 922,2,N'院内桥架：用户自建：毕军军15931696990；院外：思凯：王斌',N'15931696990');
INSERT INTO  Company (CompanyNum,CompanyTypeID,CompanyName) VALUES ( 923,2,N'院外：思凯：王斌；院内：用户自建：刘建军');
INSERT INTO  Company (CompanyNum,CompanyTypeID,CompanyName) VALUES ( 924,2,N'院外：思凯建筑石家庄联建马永章13832367697  院内：用户自建 河北鸿川杨永峰1893272');
INSERT INTO  Company (CompanyNum,CompanyTypeID,CompanyName) VALUES ( 925,2,N'运行工区');
INSERT INTO  Company (CompanyNum,CompanyTypeID,CompanyName) VALUES ( 926,2,N'运行工区：马国成');
INSERT INTO  Company (CompanyNum,CompanyTypeID,CompanyName,ContactPhone) VALUES ( 927,2,N'张 13722999526',N'13722999526');
INSERT INTO  Company (CompanyNum,CompanyTypeID,CompanyName) VALUES ( 928,2,N'张和平');
INSERT INTO  Company (CompanyNum,CompanyTypeID,CompanyName) VALUES ( 929,2,N'张庆昌');
INSERT INTO  Company (CompanyNum,CompanyTypeID,CompanyName,ContactPhone) VALUES ( 930,2,N'张庆昌 13315129970',N'13315129970');
INSERT INTO  Company (CompanyNum,CompanyTypeID,CompanyName) VALUES ( 931,2,N'张庆昌、许一丁、开发区管委会、刘建军');
INSERT INTO  Company (CompanyNum,CompanyTypeID,CompanyName,ContactPhone) VALUES ( 932,2,N'张庆昌：13315129970',N'13315129970');
INSERT INTO  Company (CompanyNum,CompanyTypeID,CompanyName) VALUES ( 933,2,N'张庆昌；吴志海；高谦勇；孙海波；闫建波');
INSERT INTO  Company (CompanyNum,CompanyTypeID,CompanyName) VALUES ( 934,2,N'张士栋');
INSERT INTO  Company (CompanyNum,CompanyTypeID,CompanyName) VALUES ( 935,2,N'张世栋；丰瑞建筑安装公司：崔宝瑞');
INSERT INTO  Company (CompanyNum,CompanyTypeID,CompanyName,ContactPhone) VALUES ( 936,2,N'张树国13315970581',N'13315970581');
INSERT INTO  Company (CompanyNum,CompanyTypeID,CompanyName,ContactPhone) VALUES ( 937,2,N'张树国13315970581 供用电 王建军 黄磊',N'13315970581');
INSERT INTO  Company (CompanyNum,CompanyTypeID,CompanyName) VALUES ( 938,2,N'张希家');
INSERT INTO  Company (CompanyNum,CompanyTypeID,CompanyName) VALUES ( 939,2,N'张永杰、双凤、恒通达');
INSERT INTO  Company (CompanyNum,CompanyTypeID,CompanyName) VALUES ( 940,2,N'张振林');
INSERT INTO  Company (CompanyNum,CompanyTypeID,CompanyName) VALUES ( 941,2,N'张振林、道桥五、王永胜132304694');
INSERT INTO  Company (CompanyNum,CompanyTypeID,CompanyName) VALUES ( 942,2,N'张振林、王继伟、张庆昌、');
INSERT INTO  Company (CompanyNum,CompanyTypeID,CompanyName) VALUES ( 943,2,N'张振霖');
INSERT INTO  Company (CompanyNum,CompanyTypeID,CompanyName) VALUES ( 944,2,N'张震林');
INSERT INTO  Company (CompanyNum,CompanyTypeID,CompanyName) VALUES ( 945,2,N'赵健');
INSERT INTO  Company (CompanyNum,CompanyTypeID,CompanyName,ContactPhone) VALUES ( 946,2,N'赵俊华 13930187832',N'13930187832');
INSERT INTO  Company (CompanyNum,CompanyTypeID,CompanyName,ContactPhone) VALUES ( 947,2,N'赵俊华：13930187832',N'13930187832');
INSERT INTO  Company (CompanyNum,CompanyTypeID,CompanyName,ContactPhone) VALUES ( 948,2,N'赵俊华13930187832',N'13930187832');
INSERT INTO  Company (CompanyNum,CompanyTypeID,CompanyName) VALUES ( 949,2,N'赵俊华13930187832；宏建电力公司；鲍国民1360321592');
INSERT INTO  Company (CompanyNum,CompanyTypeID,CompanyName) VALUES ( 950,2,N'赵立军');
INSERT INTO  Company (CompanyNum,CompanyTypeID,CompanyName,ContactPhone) VALUES ( 951,2,N'赵团结13014365223',N'13014365223');
INSERT INTO  Company (CompanyNum,CompanyTypeID,CompanyName) VALUES ( 952,2,N'赵西');
INSERT INTO  Company (CompanyNum,CompanyTypeID,CompanyName) VALUES ( 953,2,N'赵希');
INSERT INTO  Company (CompanyNum,CompanyTypeID,CompanyName) VALUES ( 954,2,N'赵析');
INSERT INTO  Company (CompanyNum,CompanyTypeID,CompanyName) VALUES ( 955,2,N'赵晰');
INSERT INTO  Company (CompanyNum,CompanyTypeID,CompanyName) VALUES ( 956,2,N'赵曦');
INSERT INTO  Company (CompanyNum,CompanyTypeID,CompanyName) VALUES ( 957,2,N'赵系');
INSERT INTO  Company (CompanyNum,CompanyTypeID,CompanyName) VALUES ( 958,2,N'赵昕');
INSERT INTO  Company (CompanyNum,CompanyTypeID,CompanyName) VALUES ( 959,2,N'赵昕；灵寿：杨');
INSERT INTO  Company (CompanyNum,CompanyTypeID,CompanyName,ContactPhone) VALUES ( 960,2,N'郑力彪18003319777',N'18003319777');
INSERT INTO  Company (CompanyNum,CompanyTypeID,CompanyName,ContactPhone) VALUES ( 961,2,N'芝凯电力董俊芝13032639281',N'13032639281');
INSERT INTO  Company (CompanyNum,CompanyTypeID,CompanyName,ContactPhone) VALUES ( 962,2,N'直供分局、周彤新13363886820、开发区管委会',N'13363886820');
INSERT INTO  Company (CompanyNum,CompanyTypeID,CompanyName) VALUES ( 963,2,N'中磊建筑');
INSERT INTO  Company (CompanyNum,CompanyTypeID,CompanyName,ContactPhone) VALUES ( 964,2,N'中磊建筑建筑有限公司:黄志安13582334298',N'13582334298');
INSERT INTO  Company (CompanyNum,CompanyTypeID,CompanyName) VALUES ( 965,2,N'中铁六局：倪少华');
INSERT INTO  Company (CompanyNum,CompanyTypeID,CompanyName) VALUES ( 966,2,N'中铁六局；双凤：董新友');
INSERT INTO  Company (CompanyNum,CompanyTypeID,CompanyName) VALUES ( 967,2,N'中铁十二局：张庆昌');
INSERT INTO  Company (CompanyNum,CompanyTypeID,CompanyName) VALUES ( 968,2,N'周小红');
INSERT INTO  Company (CompanyNum,CompanyTypeID,CompanyName,ContactPhone) VALUES ( 969,2,N'朱志军：13363885226',N'13363885226');
INSERT INTO  Company (CompanyNum,CompanyTypeID,CompanyName,ContactPhone) VALUES ( 970,2,N'卓达：赵昕13081081616  梅爱军',N'13081081616');
INSERT INTO  Company (CompanyNum,CompanyTypeID,CompanyName) VALUES ( 971,2,N'总务科');
INSERT INTO  Company (CompanyNum,CompanyTypeID,CompanyName) VALUES ( 972,2,N'总务科（杨）');
INSERT INTO  Company (CompanyNum,CompanyTypeID,CompanyName) VALUES ( 973,2,N'总务科：吕');
INSERT INTO  Company (CompanyNum,CompanyTypeID,CompanyName) VALUES ( 974,2,N'总务科；灵寿：杨');
INSERT INTO  Company (CompanyNum,CompanyTypeID,CompanyName) VALUES ( 975,3,N'APE');
INSERT INTO  Company (CompanyNum,CompanyTypeID,CompanyName) VALUES ( 976,3,N'宝临');
INSERT INTO  Company (CompanyNum,CompanyTypeID,CompanyName) VALUES ( 977,3,N'北京科锐');
INSERT INTO  Company (CompanyNum,CompanyTypeID,CompanyName) VALUES ( 978,3,N'贝斯特');
INSERT INTO  Company (CompanyNum,CompanyTypeID,CompanyName) VALUES ( 979,3,N'常安');
INSERT INTO  Company (CompanyNum,CompanyTypeID,CompanyName) VALUES ( 980,3,N'东方电器');
INSERT INTO  Company (CompanyNum,CompanyTypeID,CompanyName) VALUES ( 981,3,N'河北');
INSERT INTO  Company (CompanyNum,CompanyTypeID,CompanyName) VALUES ( 982,3,N'河北宝临');
INSERT INTO  Company (CompanyNum,CompanyTypeID,CompanyName) VALUES ( 983,3,N'河北华隆');
INSERT INTO  Company (CompanyNum,CompanyTypeID,CompanyName) VALUES ( 984,3,N'河北华隆电力设备有限公司');
INSERT INTO  Company (CompanyNum,CompanyTypeID,CompanyName) VALUES ( 985,3,N'河北豫和电器科技有限公司');
INSERT INTO  Company (CompanyNum,CompanyTypeID,CompanyName) VALUES ( 986,3,N'科锐');
INSERT INTO  Company (CompanyNum,CompanyTypeID,CompanyName) VALUES ( 987,3,N'乐清信国');
INSERT INTO  Company (CompanyNum,CompanyTypeID,CompanyName) VALUES ( 988,3,N'宁波天安');
INSERT INTO  Company (CompanyNum,CompanyTypeID,CompanyName) VALUES ( 989,3,N'青岛特锐德');
INSERT INTO  Company (CompanyNum,CompanyTypeID,CompanyName) VALUES ( 990,3,N'三环');
INSERT INTO  Company (CompanyNum,CompanyTypeID,CompanyName) VALUES ( 991,3,N'上海申美');
INSERT INTO  Company (CompanyNum,CompanyTypeID,CompanyName) VALUES ( 992,3,N'上海新力');
INSERT INTO  Company (CompanyNum,CompanyTypeID,CompanyName) VALUES ( 993,3,N'沈阳昊诚');
INSERT INTO  Company (CompanyNum,CompanyTypeID,CompanyName) VALUES ( 994,3,N'石家庄万控电气');
INSERT INTO  Company (CompanyNum,CompanyTypeID,CompanyName) VALUES ( 995,3,N'特锐德');
INSERT INTO  Company (CompanyNum,CompanyTypeID,CompanyName) VALUES ( 996,4,N'杭州电缆');
INSERT INTO  Company (CompanyNum,CompanyTypeID,CompanyName) VALUES ( 997,4,N'杭州电缆/青岛汉缆');
INSERT INTO  Company (CompanyNum,CompanyTypeID,CompanyName) VALUES ( 998,4,N'杭州电缆/沈阳古河');
INSERT INTO  Company (CompanyNum,CompanyTypeID,CompanyName) VALUES ( 999,4,N'河北宝丰');
INSERT INTO  Company (CompanyNum,CompanyTypeID,CompanyName) VALUES ( 1000,4,N'河北威特力');
INSERT INTO  Company (CompanyNum,CompanyTypeID,CompanyName) VALUES ( 1001,4,N'河北新华');
INSERT INTO  Company (CompanyNum,CompanyTypeID,CompanyName) VALUES ( 1002,4,N'恒瑞电缆厂');
INSERT INTO  Company (CompanyNum,CompanyTypeID,CompanyName) VALUES ( 1003,4,N'宏亮电缆');
INSERT INTO  Company (CompanyNum,CompanyTypeID,CompanyName) VALUES ( 1004,4,N'江苏中超');
INSERT INTO  Company (CompanyNum,CompanyTypeID,CompanyName) VALUES ( 1005,4,N'耐克森（阳谷）');
INSERT INTO  Company (CompanyNum,CompanyTypeID,CompanyName) VALUES ( 1006,4,N'宁晋超达/天缆小猫');
INSERT INTO  Company (CompanyNum,CompanyTypeID,CompanyName) VALUES ( 1007,4,N'青岛汉缆');
INSERT INTO  Company (CompanyNum,CompanyTypeID,CompanyName) VALUES ( 1008,4,N'青岛汉缆/山东鲁能');
INSERT INTO  Company (CompanyNum,CompanyTypeID,CompanyName) VALUES ( 1009,4,N'青岛汉缆/天津天缆');
INSERT INTO  Company (CompanyNum,CompanyTypeID,CompanyName) VALUES ( 1010,4,N'山东电缆');
INSERT INTO  Company (CompanyNum,CompanyTypeID,CompanyName) VALUES ( 1011,4,N'山东鲁能');
INSERT INTO  Company (CompanyNum,CompanyTypeID,CompanyName) VALUES ( 1012,4,N'山东鲁能/天津塑力');
INSERT INTO  Company (CompanyNum,CompanyTypeID,CompanyName) VALUES ( 1013,4,N'山东耐克森（阳谷）新日晖电缆有限公司');
INSERT INTO  Company (CompanyNum,CompanyTypeID,CompanyName) VALUES ( 1014,4,N'沈阳古河');
INSERT INTO  Company (CompanyNum,CompanyTypeID,CompanyName) VALUES ( 1015,4,N'沈阳古河/杭州电缆');
INSERT INTO  Company (CompanyNum,CompanyTypeID,CompanyName) VALUES ( 1016,4,N'沈阳古河/山东鲁能');
INSERT INTO  Company (CompanyNum,CompanyTypeID,CompanyName) VALUES ( 1017,4,N'天津塑力');
INSERT INTO  Company (CompanyNum,CompanyTypeID,CompanyName) VALUES ( 1018,4,N'无锡长城');
INSERT INTO  Company (CompanyNum,CompanyTypeID,CompanyName) VALUES ( 1019,4,N'无锡长城+青岛汉缆');
INSERT INTO  Company (CompanyNum,CompanyTypeID,CompanyName) VALUES ( 1020,4,N'浙江晨光');
INSERT INTO  Company (CompanyNum,CompanyTypeID,CompanyName) VALUES ( 1021,4,N'浙江万马');
INSERT INTO  Company (CompanyNum,CompanyTypeID,CompanyName) VALUES ( 1022,4,N'重庆泰山');
INSERT INTO  Company (CompanyNum,CompanyTypeID,CompanyName,Contact,ContactPhone) VALUES ( 1023,2,N'河北怀特集团股份有限公司',N'蒋军春',N'13613116160');
INSERT INTO  Company (CompanyNum,CompanyTypeID,CompanyName,Contact,ContactPhone) VALUES ( 1025,2,N'思凯建筑',N'赵彦海',N'13363889617');
INSERT INTO  Company (CompanyNum,CompanyTypeID,CompanyName,Contact,ContactPhone) VALUES ( 1026,2,N'河北翰科房地产开发有限公司',N'郭立喂',N'13363886488');
INSERT INTO  Company (CompanyNum,CompanyTypeID,CompanyName,Contact,ContactPhone) VALUES ( 1027,2,N'河北怀特集团股份有限公司',N'蒋军春',N'13613116160');
INSERT INTO  Company (CompanyNum,CompanyTypeID,CompanyName,Contact,Memo) VALUES ( 1028,2,N'开发区管委会',N'王军',N'珠江大道北侧，大西帐牌楼向东至黄山街排管为新修');
INSERT INTO  Company (CompanyNum,CompanyTypeID,CompanyName,Contact,Memo) VALUES ( 1029,2,N'施工队',N'邢晨光',N'黄山街西侧，珠江大道北侧向南至漓江大道段为新修');
INSERT INTO  Company (CompanyNum,CompanyTypeID,CompanyName,Contact,ContactPhone) VALUES ( 1030,2,N'杰诚电气安装公司',N'安少峰',N'13315198229');
INSERT INTO  Company (CompanyNum,CompanyTypeID,CompanyName,Contact) VALUES ( 1031,2,N'思凯建筑',N'邢建亮');
INSERT INTO  Company (CompanyNum,CompanyTypeID,CompanyName,Contact,ContactPhone) VALUES ( 1032,2,N'思凯建筑',N'赵彦海',N'13363889617');
INSERT INTO  Company (CompanyNum,CompanyTypeID,CompanyName,Contact,ContactPhone) VALUES ( 1033,2,N'河北翰科房地产开发有限公司',N'郭立伟',N'13363886488');
INSERT INTO  Company (CompanyNum,CompanyTypeID,CompanyName,Contact,Memo) VALUES ( 1039,2,N'思凯建筑',N'王斌',N'施工单位：刑建虎');
INSERT INTO  Company (CompanyNum,CompanyTypeID,CompanyName,Contact) VALUES ( 1040,2,N'思凯建筑',N'王斌、刘涛');
INSERT INTO  Company (CompanyNum,CompanyTypeID,CompanyName,Contact,ContactPhone) VALUES ( 1041,2,N'万达',N'赵永江',N'13933080675');
INSERT INTO  Company (CompanyNum,CompanyTypeID,CompanyName,Contact,ContactPhone) VALUES ( 1042,2,N'万达',N'赵永江',N'13933080675');
INSERT INTO  Company (CompanyNum,CompanyTypeID,CompanyName,Contact,ContactPhone) VALUES ( 1043,2,N'供用电',N'杨华、张建强',N'1517512767');
INSERT INTO  Company (CompanyNum,CompanyTypeID,CompanyName,Contact,ContactPhone) VALUES ( 1044,2,N'供用电',N'李聪',N'13363880871');
INSERT INTO  Company (CompanyNum,CompanyTypeID,CompanyName,Contact,ContactPhone) VALUES ( 1046,2,N'邢台华电',N'邢',N'15633019999');
INSERT INTO  Company (CompanyNum,CompanyTypeID,CompanyName,Contact,ContactPhone) VALUES ( 1047,2,N'石家庄城市建设投资控股集团有限公司',N'郑利彪',N'18003319777');
INSERT INTO  Company (CompanyNum,CompanyTypeID,CompanyName) VALUES ( 1048,2,N'石市创维电力');
INSERT INTO  Company (CompanyNum,CompanyTypeID,CompanyName,Contact) VALUES ( 1049,2,N'神达公司',N'赵利军');
INSERT INTO  Company (CompanyNum,CompanyTypeID,CompanyName) VALUES ( 1050,2,N'鹏远电力');
INSERT INTO  Company (CompanyNum,CompanyTypeID,CompanyName) VALUES ( 1052,2,N'电缆工区');
INSERT INTO  Company (CompanyNum,CompanyTypeID,CompanyName,Contact,ContactPhone) VALUES ( 1053,2,N'万达',N'李托',N'13303237572');
INSERT INTO  Company (CompanyNum,CompanyTypeID,CompanyName,Contact,ContactPhone) VALUES ( 1060,2,N'石家庄市泰联市政建设有限公司',N'周立波',N'18032866743');
INSERT INTO  Company (CompanyNum,CompanyTypeID,CompanyName,Contact,ContactPhone) VALUES ( 1061,2,N'河北省防汛抗旱指挥部',N'苏维春',N'13363888909');
INSERT INTO  Company (CompanyNum,CompanyTypeID,CompanyName,Contact,ContactPhone) VALUES ( 1062,2,N'石家庄室泰联市政建设有限公司',N'周利波',N'18032866743');
INSERT INTO  Company (CompanyNum,CompanyTypeID,CompanyName,Contact,ContactPhone) VALUES ( 1063,2,N'石家庄市泰联市政建设有限公司',N'周利波',N'18032866743');
INSERT INTO  Company (CompanyNum,CompanyTypeID,CompanyName,Contact,ContactPhone) VALUES ( 1066,2,N'河北东明企业集团',N'孙跃阔',N'13832326345');
INSERT INTO  Company (CompanyNum,CompanyTypeID,CompanyName,Contact) VALUES ( 1067,2,N'河北建翔',N'张庆杰');
INSERT INTO  Company (CompanyNum,CompanyTypeID,CompanyName,Contact) VALUES ( 1071,2,N'电缆运检',N'路明');
INSERT INTO  Company (CompanyNum,CompanyTypeID,CompanyName,Contact,ContactPhone) VALUES ( 1072,2,N'河北拓宇电力工程公司',N'魏立志',N'13653118669');
INSERT INTO  Company (CompanyNum,CompanyTypeID,CompanyName,Contact,Memo) VALUES ( 1073,2,N'思凯建筑公司',N'王斌',N'施工单位夏：夏红涛');
INSERT INTO  Company (CompanyNum,CompanyTypeID,CompanyName,Contact,ContactPhone) VALUES ( 1074,2,N'恒通达',N'张学',N'13363885272');
INSERT INTO  Company (CompanyNum,CompanyTypeID,CompanyName,Contact,ContactPhone) VALUES ( 1076,2,N'开发区建局',N'魏楷',N'13315109106');
INSERT INTO  Company (CompanyNum,CompanyTypeID,CompanyName) VALUES ( 1077,2,N'河北省食用菌研究所');
INSERT INTO  Company (CompanyNum,CompanyTypeID,CompanyName,Contact,ContactPhone) VALUES ( 1078,2,N'万达',N'苏维春',N'13363888909');
INSERT INTO  Company (CompanyNum,CompanyTypeID,CompanyName,Contact) VALUES ( 1081,2,N'煜林队',N'刘建军');
INSERT INTO  Company (CompanyNum,CompanyTypeID,CompanyName,Contact,ContactPhone) VALUES ( 1082,2,N'天海房地产',N'梁海燕',N'13930414523');
INSERT INTO  Company (CompanyNum,CompanyTypeID,CompanyName,Contact,ContactPhone) VALUES ( 1083,2,N'双凤',N'董新友',N'13363885259');
INSERT INTO  Company (CompanyNum,CompanyTypeID,CompanyName) VALUES ( 1084,2,N'河北宇辰房地产开发有限公司');
INSERT INTO  Company (CompanyNum,CompanyTypeID,CompanyName) VALUES ( 1085,2,N'石家庄和力长安房地产开发有限公司');
INSERT INTO  Company (CompanyNum,CompanyTypeID,CompanyName,Contact,ContactPhone) VALUES ( 1086,2,N'舜石',N'于晓东',N'18033730953');
INSERT INTO  Company (CompanyNum,CompanyTypeID,CompanyName,Contact,ContactPhone) VALUES ( 1087,2,N'兆红电力安装工程有限公司',N'刘建军',N'13930405030');
INSERT INTO  Company (CompanyNum,CompanyTypeID,CompanyName) VALUES ( 1089,2,N'众美城房地产开发有限公司');
INSERT INTO  Company (CompanyNum,CompanyTypeID,CompanyName,Contact) VALUES ( 1090,2,N'思凯建筑',N'王利国');
INSERT INTO  Company (CompanyNum,CompanyTypeID,CompanyName,Contact,ContactPhone) VALUES ( 1091,2,N'开发区管委会',N'王军',N'13731132229');
INSERT INTO  Company (CompanyNum,CompanyTypeID,CompanyName,Contact,ContactPhone) VALUES ( 1095,2,N'双凤安装',N'董新友',N'13363885259');
INSERT INTO  Company (CompanyNum,CompanyTypeID,CompanyName) VALUES ( 1096,2,N'河北省人民防空');
INSERT INTO  Company (CompanyNum,CompanyTypeID,CompanyName,Contact,Memo) VALUES ( 1097,2,N'思凯建筑公司',N'王斌',N'1标：夏晓庆；2标：苏维春；3标：孙海波；4标：刑建虎。');
INSERT INTO  Company (CompanyNum,CompanyTypeID,CompanyName,Contact) VALUES ( 1098,2,N'河北行政学院',N'邢建华');
INSERT INTO  Company (CompanyNum,CompanyTypeID,CompanyName,Contact) VALUES ( 1099,2,N'思凯建筑',N'王斌');
INSERT INTO  Company (CompanyNum,CompanyTypeID,CompanyName,Contact) VALUES ( 1100,2,N'海华队',N'李建军');
INSERT INTO  Company (CompanyNum,CompanyTypeID,CompanyName,Contact) VALUES ( 1101,2,N'河北行政学院',N'刑建虎');
INSERT INTO  Company (CompanyNum,CompanyTypeID,CompanyName) VALUES ( 1102,2,N'河北广垣嘉和房地产');
INSERT INTO  Company (CompanyNum,CompanyTypeID,CompanyName,Contact,ContactPhone) VALUES ( 1103,2,N'河北煜林建设公司',N'刘建军',N'13930405030');
INSERT INTO  Company (CompanyNum,CompanyTypeID,CompanyName,Contact) VALUES ( 1104,2,N'思凯建筑',N'王斌、张庆昌');
INSERT INTO  Company (CompanyNum,CompanyTypeID,CompanyName) VALUES ( 1024,2,N'石家庄中洲实业有限公司');
INSERT INTO  Company (CompanyNum,CompanyTypeID,CompanyName,Contact,ContactPhone) VALUES ( 1034,2,N'供用电',N'赵晓军',N'13363886055');
INSERT INTO  Company (CompanyNum,CompanyTypeID,CompanyName,Contact,ContactPhone) VALUES ( 1035,2,N'卓恒',N'王立国',N'13091026883');
INSERT INTO  Company (CompanyNum,CompanyTypeID,CompanyName,Contact,ContactPhone) VALUES ( 1036,2,N'供用电',N'王建军',N'13363886039');
INSERT INTO  Company (CompanyNum,CompanyTypeID,CompanyName,Contact,ContactPhone) VALUES ( 1037,2,N'供用电',N'刘建军',N'13930405030');
INSERT INTO  Company (CompanyNum,CompanyTypeID,CompanyName,Contact,Memo) VALUES ( 1038,2,N'思凯建筑',N'王斌',N'施工单位：张庆昌');
INSERT INTO  Company (CompanyNum,CompanyTypeID,CompanyName,Contact) VALUES ( 1045,2,N'河北保利房地产开发有限公司',N'邢建波');
INSERT INTO  Company (CompanyNum,CompanyTypeID,CompanyName,Contact,ContactPhone) VALUES ( 1051,2,N'河北东丽房地产开发有限公司',N'刘建立',N'13932184445');
INSERT INTO  Company (CompanyNum,CompanyTypeID,CompanyName,Contact) VALUES ( 1054,2,N'神达',N'赵立军');
INSERT INTO  Company (CompanyNum,CompanyTypeID,CompanyName,Contact) VALUES ( 1055,2,N'双凤',N'董新友');
INSERT INTO  Company (CompanyNum,CompanyTypeID,CompanyName,Contact,ContactPhone) VALUES ( 1056,2,N'双凤',N'董新友',N'13363885259');
INSERT INTO  Company (CompanyNum,CompanyTypeID,CompanyName,Contact,ContactPhone) VALUES ( 1057,2,N'盈佳房地产',N'张平丰',N'15284310441');
INSERT INTO  Company (CompanyNum,CompanyTypeID,CompanyName,Contact,ContactPhone) VALUES ( 1058,2,N'永昌房地产',N'杨海云',N'13363885558');
INSERT INTO  Company (CompanyNum,CompanyTypeID,CompanyName,Contact,ContactPhone) VALUES ( 1064,2,N'石家庄强力电力',N'杨晓心',N'13363881173');
INSERT INTO  Company (CompanyNum,CompanyTypeID,CompanyName,Contact,ContactPhone) VALUES ( 1065,2,N'强力电力',N'杨晓心',N'13363881173');
INSERT INTO  Company (CompanyNum,CompanyTypeID,CompanyName,Contact,ContactPhone) VALUES ( 1068,2,N'维创电力',N'赵懂',N'13363883031');
INSERT INTO  Company (CompanyNum,CompanyTypeID,CompanyName,Contact,ContactPhone) VALUES ( 1069,2,N'思凯建筑',N'邢建虎',N'13011590590');
INSERT INTO  Company (CompanyNum,CompanyTypeID,CompanyName,Contact,ContactPhone) VALUES ( 1070,2,N'卓达房地产',N'刘卫刚',N'13363886796');
INSERT INTO  Company (CompanyNum,CompanyTypeID,CompanyName,Contact,ContactPhone) VALUES ( 1075,2,N'石家庄联合物业管理有限公司',N'温玉鹏',N'13363860109');
INSERT INTO  Company (CompanyNum,CompanyTypeID,CompanyName,Contact,ContactPhone) VALUES ( 1079,2,N'河北慧光电力',N'步丰龙',N'13363885554');
INSERT INTO  Company (CompanyNum,CompanyTypeID,CompanyName,Contact,ContactPhone) VALUES ( 1080,2,N'河北荣盛房地产开发有限公司',N'宏建、刘增辉',N'13315129296');
INSERT INTO  Company (CompanyNum,CompanyTypeID,CompanyName,Contact) VALUES ( 1088,2,N'思凯',N'邢建波');
INSERT INTO  Company (CompanyNum,CompanyTypeID,CompanyName,Contact) VALUES ( 1092,2,N'开发区',N'王军');
INSERT INTO  Company (CompanyNum,CompanyTypeID,CompanyName,Contact,ContactPhone) VALUES ( 1093,2,N'东丽房地产开发有限公司',N'赵懂',N'13363883031');
INSERT INTO  Company (CompanyNum,CompanyTypeID,CompanyName,Contact) VALUES ( 1094,2,N'开发区委员会',N'王军');
INSERT INTO  Company (CompanyNum,CompanyTypeID,CompanyName,Contact,Memo) VALUES ( 1105,2,N'思凯建筑',N'王斌',N'施工队：刑建虎');
INSERT INTO  Company (CompanyNum,CompanyTypeID,CompanyName,Memo) VALUES ( 1108,2,N'中铁电气化局集团有限公司',N'施工队：建翔队  张庆杰：13363889302');
INSERT INTO  Company (CompanyNum,CompanyTypeID,CompanyName,Contact,ContactPhone) VALUES ( 1109,2,N'建翔队',N'张庆杰',N'13363889302');
INSERT INTO  Company (CompanyNum,CompanyTypeID,CompanyName) VALUES ( 1111,5,N'长圆');
INSERT INTO  Company (CompanyNum,CompanyTypeID,CompanyName) VALUES ( 1112,5,N'长沙');
INSERT INTO  Company (CompanyNum,CompanyTypeID,CompanyName) VALUES ( 1113,5,N'深圳科沃');
INSERT INTO  Company (CompanyNum,CompanyTypeID,CompanyName) VALUES ( 1114,5,N'3M');
INSERT INTO  Company (CompanyNum,CompanyTypeID,CompanyName) VALUES ( 1115,5,N'耐克森');
INSERT INTO  Company (CompanyNum,CompanyTypeID,CompanyName) VALUES ( 1117,2,N'劳服');
INSERT INTO  Company (CompanyNum,CompanyTypeID,CompanyName,Contact,ContactPhone) VALUES ( 1118,2,N'宏建电力',N'刘增军、刘兴旺',N'13315129287');
INSERT INTO  Company (CompanyNum,CompanyTypeID,CompanyName,Contact) VALUES ( 1120,2,N'长安区建华第二社区',N'刑建虎');
INSERT INTO  Company (CompanyNum,CompanyTypeID,CompanyName,Contact,ContactPhone) VALUES ( 1121,2,N'煜林',N'刘建军',N'13930405030');
INSERT INTO  Company (CompanyNum,CompanyTypeID,CompanyName,Contact) VALUES ( 1122,2,N'长安区建华第二社区委员会',N'刑建虎');
INSERT INTO  Company (CompanyNum,CompanyTypeID,CompanyName,Contact,ContactPhone) VALUES ( 1123,2,N'煜林',N'刘建军',N'13930405030');
INSERT INTO  Company (CompanyNum,CompanyTypeID,CompanyName,Contact) VALUES ( 1124,2,N'供用电',N'刘建军');
INSERT INTO  Company (CompanyNum,CompanyTypeID,CompanyName,Contact,ContactPhone,Memo) VALUES ( 1125,2,N'鹏远',N'刘建军',N'13903115219',N'李文录');
INSERT INTO  Company (CompanyNum,CompanyTypeID,CompanyName,Contact) VALUES ( 1126,2,N'建华第二社区居民委员会',N'刑建虎');
INSERT INTO  Company (CompanyNum,CompanyTypeID,CompanyName,Contact) VALUES ( 1127,2,N'思凯建筑',N'王斌（夏小庆）');
INSERT INTO  Company (CompanyNum,CompanyTypeID,CompanyName,Contact,ContactPhone) VALUES ( 1128,2,N'强力队',N'杨晓飞',N'13363881173');
INSERT INTO  Company (CompanyNum,CompanyTypeID,CompanyName) VALUES ( 1129,2,N'科旭房地产');
INSERT INTO  Company (CompanyNum,CompanyTypeID,CompanyName,Contact,ContactPhone) VALUES ( 1138,2,N'用户自建：永昌，赵懂',N'赵懂',N'13363883031');
INSERT INTO  Company (CompanyNum,CompanyTypeID,CompanyName,Contact,ContactPhone) VALUES ( 1142,2,N'用户自建：河北永益电力',N'尤海忠',N'18603313393');
INSERT INTO  Company (CompanyNum,CompanyTypeID,CompanyName,Contact,ContactPhone) VALUES ( 1143,2,N'供用电：祝金喜',N'祝金喜',N'13363880668');
INSERT INTO  Company (CompanyNum,CompanyTypeID,CompanyName,Contact,ContactPhone) VALUES ( 1144,2,N'用户自建：华航',N'李彦华',N'13315103532');
INSERT INTO  Company (CompanyNum,CompanyTypeID,CompanyName,Contact,ContactPhone) VALUES ( 1152,2,N'省电建一公司',N'魏英淼',N'18931174640');
INSERT INTO  Company (CompanyNum,CompanyTypeID,CompanyName,Contact,ContactPhone) VALUES ( 1153,2,N'石家庄市环城公路建设指挥办公室',N'郑利彪',N'18003319777');
INSERT INTO  Company (CompanyNum,CompanyTypeID,CompanyName,Contact,ContactPhone) VALUES ( 1160,2,N'用户自建：新大地',N'刑建波',N'13011590590');
INSERT INTO  Company (CompanyNum,CompanyTypeID,CompanyName) VALUES ( 1162,2,N'天海房地产');
INSERT INTO  Company (CompanyNum,CompanyTypeID,CompanyName) VALUES ( 1163,2,N'万达队');
INSERT INTO  Company (CompanyNum,CompanyTypeID,CompanyName,Contact,ContactPhone) VALUES ( 1164,2,N'思凯',N'张志俊',N'13315129923');
INSERT INTO  Company (CompanyNum,CompanyTypeID,CompanyName,Contact,ContactPhone) VALUES ( 1165,2,N'用户自建：永昌建筑',N'赵林英',N'13731096318');
INSERT INTO  Company (CompanyNum,CompanyTypeID,CompanyName,Contact,ContactPhone) VALUES ( 1166,2,N'配电工区：安少锋:13315198229',N'尹林',N'13363885765');
INSERT INTO  Company (CompanyNum,CompanyTypeID,CompanyName,Contact,ContactPhone) VALUES ( 1167,2,N'建筑分公司',N'高君峰',N'13315129106');
INSERT INTO  Company (CompanyNum,CompanyTypeID,CompanyName,Contact,ContactPhone) VALUES ( 1168,2,N'供用电',N'刘珍亮',N'13315129280');
INSERT INTO  Company (CompanyNum,CompanyTypeID,CompanyName,Contact,ContactPhone) VALUES ( 1169,2,N'用户自建',N'赵林英',N'13363889535');
INSERT INTO  Company (CompanyNum,CompanyTypeID,CompanyName,Contact,ContactPhone) VALUES ( 1170,2,N'用户自建：河北建翔',N'王进波',N'13303030922');
INSERT INTO  Company (CompanyNum,CompanyTypeID,CompanyName) VALUES ( 1172,2,N'河北永乐房地产');
INSERT INTO  Company (CompanyNum,CompanyTypeID,CompanyName,Contact,ContactPhone) VALUES ( 1173,2,N'恒通达',N'张君',N'13832111117');
INSERT INTO  Company (CompanyNum,CompanyTypeID,CompanyName,Contact,ContactPhone) VALUES ( 1174,2,N'供用电',N'许建勇',N'13363886046');
INSERT INTO  Company (CompanyNum,CompanyTypeID,CompanyName,Contact) VALUES ( 1175,2,N'建翔电力安装公司',N'倪少华');
INSERT INTO  Company (CompanyNum,CompanyTypeID,CompanyName,Contact,ContactPhone) VALUES ( 1176,2,N'杰诚电力安装公司',N'安少峰',N'13315198229');
INSERT INTO  Company (CompanyNum,CompanyTypeID,CompanyName) VALUES ( 1177,2,N'石家庄市长安区北翟营村亚龙花园');
INSERT INTO  Company (CompanyNum,CompanyTypeID,CompanyName,Contact,ContactPhone) VALUES ( 1178,2,N'宏建电力安装公司',N'刘增军',N'13315129296');
INSERT INTO  Company (CompanyNum,CompanyTypeID,CompanyName,Contact) VALUES ( 1180,2,N'双凤电力安装公司',N'董新友');
INSERT INTO  Company (CompanyNum,CompanyTypeID,CompanyName,Contact) VALUES ( 1181,2,N'开发区管委会',N'王军');
INSERT INTO  Company (CompanyNum,CompanyTypeID,CompanyName,Contact) VALUES ( 1182,2,N'开发区管委会',N'王军');
INSERT INTO  Company (CompanyNum,CompanyTypeID,CompanyName,Contact) VALUES ( 1183,2,N'同地信电力有限公司',N'刑建虎');
INSERT INTO  Company (CompanyNum,CompanyTypeID,CompanyName) VALUES ( 1184,2,N'金石房地产开发有限公司');
INSERT INTO  Company (CompanyNum,CompanyTypeID,CompanyName,Contact) VALUES ( 1185,2,N'思凯电力安装公司',N'孙海坡');
INSERT INTO  Company (CompanyNum,CompanyTypeID,CompanyName,Contact,ContactPhone) VALUES ( 1186,2,N'河北宏远建筑安装有限公司',N'孙海波',N'13785197002');
INSERT INTO  Company (CompanyNum,CompanyTypeID,CompanyName) VALUES ( 1187,2,N'河北润都房地产开发有限公司');
INSERT INTO  Company (CompanyNum,CompanyTypeID,CompanyName,Contact) VALUES ( 1189,2,N'思凯电力安装公司',N'孙海波');
INSERT INTO  Company (CompanyNum,CompanyTypeID,CompanyName,Contact) VALUES ( 1190,2,N'思凯建筑公司',N'孙海波');
INSERT INTO  Company (CompanyNum,CompanyTypeID,CompanyName,Contact,ContactPhone) VALUES ( 1193,2,N'海华电力公司',N'唐文静',N'13363885220');
INSERT INTO  Company (CompanyNum,CompanyTypeID,CompanyName) VALUES ( 1196,2,N'电缆工区');
INSERT INTO  Company (CompanyNum,CompanyTypeID,CompanyName,Contact) VALUES ( 1197,2,N'鹏远电力公司',N'苏维春');
INSERT INTO  Company (CompanyNum,CompanyTypeID,CompanyName,Contact) VALUES ( 1198,2,N'供用电二分公司（鹏远）',N'苏维春');
INSERT INTO  Company (CompanyNum,CompanyTypeID,CompanyName) VALUES ( 1199,2,N'人防办');
INSERT INTO  Company (CompanyNum,CompanyTypeID,CompanyName) VALUES ( 1200,2,N'石家庄众达房地产开发有限公司');
INSERT INTO  Company (CompanyNum,CompanyTypeID,CompanyName,Contact,ContactPhone) VALUES ( 1201,2,N'恒通达',N'梁彦伟',N'18032050999');
INSERT INTO  Company (CompanyNum,CompanyTypeID,CompanyName,Contact,ContactPhone) VALUES ( 1202,2,N'供用电',N'严军',N'13363886041');
INSERT INTO  Company (CompanyNum,CompanyTypeID,CompanyName,Contact,Memo) VALUES ( 1203,2,N'思凯建筑公司',N'王力国',N'张永杰');
INSERT INTO  Company (CompanyNum,CompanyTypeID,CompanyName,CompanyTelephone,Contact,ContactPhone) VALUES ( 1205,2,N'用户自建',N'慧光队',N'步丰龙',N'13363885554');
INSERT INTO  Company (CompanyNum,CompanyTypeID,CompanyName) VALUES ( 1208,2,N'河北滨江房地产开发有限公司');
INSERT INTO  Company (CompanyNum,CompanyTypeID,CompanyName,Contact,ContactPhone) VALUES ( 1209,2,N'河北同地信电力工程公司',N'刑建虎',N'13014388456');
INSERT INTO  Company (CompanyNum,CompanyTypeID,CompanyName,Contact,ContactPhone) VALUES ( 1210,1,N'石家庄市恒业监理公司',N'谢文斌',N'13102815173');
INSERT INTO  Company (CompanyNum,CompanyTypeID,CompanyName) VALUES ( 1215,2,N'河北迈特工艺制品有限公司');
INSERT INTO  Company (CompanyNum,CompanyTypeID,CompanyName,ContactPhone) VALUES ( 1216,2,N'石家庄广电',N'13363860109');
INSERT INTO  Company (CompanyNum,CompanyTypeID,CompanyName,Contact) VALUES ( 1218,2,N'石家庄市市政建设管理处',N'王宏伟');
INSERT INTO  Company (CompanyNum,CompanyTypeID,CompanyName,Contact,ContactPhone) VALUES ( 1219,2,N'强力电力安装公司',N'王立永',N'13363881150');
INSERT INTO  Company (CompanyNum,CompanyTypeID,CompanyName) VALUES ( 1220,2,N'石家庄市高新建设投资有限公司');
INSERT INTO  Company (CompanyNum,CompanyTypeID,CompanyName,Contact,ContactPhone) VALUES ( 1221,2,N'石家庄供水排水公司',N'王新民',N'13131135466');
INSERT INTO  Company (CompanyNum,CompanyTypeID,CompanyName,Contact,ContactPhone) VALUES ( 1222,2,N'用户自建   海华电力',N'李朋',N'18903216608');
INSERT INTO  Company (CompanyNum,CompanyTypeID,CompanyName,Contact,ContactPhone) VALUES ( 1223,2,N'凯舟电力',N'赵永江',N'13933080675');
INSERT INTO  Company (CompanyNum,CompanyTypeID,CompanyName,Contact,ContactPhone) VALUES ( 1225,2,N'鹏远工程处（广电）',N'王利田   陈文章',N'13383615018');
INSERT INTO  Company (CompanyNum,CompanyTypeID,CompanyName,Contact) VALUES ( 1228,2,N'石家庄市园林建设项目管理中心',N'李广志');
INSERT INTO  Company (CompanyNum,CompanyTypeID,CompanyName,Contact,ContactPhone) VALUES ( 1229,2,N'石市市政建设总公司',N'李志忠',N'13032628135');
INSERT INTO  Company (CompanyNum,CompanyTypeID,CompanyName,Contact) VALUES ( 1233,2,N'河北传媒集团有限公司',N'张振林');
INSERT INTO  Company (CompanyNum,CompanyTypeID,CompanyName,Contact,ContactPhone) VALUES ( 1235,2,N'鹏远电力公司',N'陈力',N'13363881813');
INSERT INTO  Company (CompanyNum,CompanyTypeID,CompanyName,CompanyTelephone,Contact,ContactPhone) VALUES ( 1236,2,N'用户自建',N'慧光队',N'步丰龙',N'13363885554');
INSERT INTO  Company (CompanyNum,CompanyTypeID,CompanyName,ContactPhone) VALUES ( 1237,2,N'用户自建赵林英永昌建筑',N'13731096318');
INSERT INTO  Company (CompanyNum,CompanyTypeID,CompanyName,CompanyAddr,Contact,ContactPhone) VALUES ( 1240,2,N'思凯建筑公司',N'苏维春：13363888909',N'梁鹏云',N'13363886172');
INSERT INTO  Company (CompanyNum,CompanyTypeID,CompanyName) VALUES ( 1241,2,N'河北祈福乾悦房地产开发公司');
INSERT INTO  Company (CompanyNum,CompanyTypeID,CompanyName,Contact,ContactPhone) VALUES ( 1242,2,N'百宏电力',N'杨永丰',N'18932721990');
INSERT INTO  Company (CompanyNum,CompanyTypeID,CompanyName,CompanyTelephone) VALUES ( 1243,2,N'用户自建 杨彬',N'18332303138');
INSERT INTO  Company (CompanyNum,CompanyTypeID,CompanyName,CompanyTelephone) VALUES ( 1245,2,N'思凯  刑建波',N'13011590590');
INSERT INTO  Company (CompanyNum,CompanyTypeID,CompanyName) VALUES ( 1247,2,N'送变电');
INSERT INTO  Company (CompanyNum,CompanyTypeID,CompanyName,CompanyTelephone) VALUES ( 1249,2,N'用户自建 杰诚 王江涛',N'13303030217');
INSERT INTO  Company (CompanyNum,CompanyTypeID,CompanyName,CompanyTelephone) VALUES ( 1250,2,N'用户自建 赵小董',N'13363883031');
INSERT INTO  Company (CompanyNum,CompanyTypeID,CompanyName,Contact) VALUES ( 1251,2,N'用户自建 杰诚',N'杨士力');
INSERT INTO  Company (CompanyNum,CompanyTypeID,CompanyName,Contact,ContactPhone) VALUES ( 1252,2,N'用户自建  河北光磊',N'侯浩磊',N'18332222231');
INSERT INTO  Company (CompanyNum,CompanyTypeID,CompanyName,Contact,ContactPhone) VALUES ( 1253,2,N'用户自建  中京化建',N'杜海静',N'15633072698');
INSERT INTO  Company (CompanyNum,CompanyTypeID,CompanyName,ContactPhone) VALUES ( 1254,2,N'思凯 梁鹏云',N'13363886172');
INSERT INTO  Company (CompanyNum,CompanyTypeID,CompanyName,ContactPhone) VALUES ( 1256,2,N'惠康市政公司 严东哲',N'15831165098');
INSERT INTO  Company (CompanyNum,CompanyTypeID,CompanyName,Contact,ContactPhone) VALUES ( 1261,2,N'用户自建 河北金磊鑫有限公司',N'郭红伟',N'13363886488');
INSERT INTO  Company (CompanyNum,CompanyTypeID,CompanyName,ContactPhone) VALUES ( 1262,2,N'用户自建  郭力伟',N'13363886488');
INSERT INTO  Company (CompanyNum,CompanyTypeID,CompanyName) VALUES ( 1263,2,N'中铁港航局  李金龙');
INSERT INTO  Company (CompanyNum,CompanyTypeID,CompanyName,Contact,ContactPhone) VALUES ( 1264,2,N'用户自建  利达',N'宋文勇',N'15930116087');
INSERT INTO  Company (CompanyNum,CompanyTypeID,CompanyName,ContactPhone) VALUES ( 1266,2,N'建翔  王进波',N'13303030922');
INSERT INTO  Company (CompanyNum,CompanyTypeID,CompanyName,ContactPhone) VALUES ( 1268,2,N'思凯  曹风凯',N'13126153020');
INSERT INTO  Company (CompanyNum,CompanyTypeID,CompanyName,ContactPhone) VALUES ( 1269,2,N'鹏远  赵懂',N'13363883031');
INSERT INTO  Company (CompanyNum,CompanyTypeID,CompanyName,ContactPhone) VALUES ( 1270,2,N'地铁  许克东',N'13803393919');
INSERT INTO  Company (CompanyNum,CompanyTypeID,CompanyName,ContactPhone) VALUES ( 1271,2,N'河北凯舟  赵永江',N'13933080675');
INSERT INTO  Company (CompanyNum,CompanyTypeID,CompanyName,ContactPhone) VALUES ( 1272,2,N'思凯 杜鹏 马蒙',N'15373802333');
INSERT INTO  Company (CompanyNum,CompanyTypeID,CompanyName,ContactPhone) VALUES ( 1275,2,N'送变电   沈勤吉',N'13398612158');
INSERT INTO  Company (CompanyNum,CompanyTypeID,CompanyName,Contact) VALUES ( 1278,2,N'供用电',N'王建军');
INSERT INTO  Company (CompanyNum,CompanyTypeID,CompanyName,Contact) VALUES ( 1281,2,N'思凯建筑公司',N'王斌');
INSERT INTO  Company (CompanyNum,CompanyTypeID,CompanyName) VALUES ( 1282,2,N'海华电器');
INSERT INTO  Company (CompanyNum,CompanyTypeID,CompanyName,CompanyAddr,Contact,ContactPhone) VALUES ( 1283,2,N'河北基石房地产开发有限公司',N'王永生：13833188007',N'罗长柱',N'13833183205');
INSERT INTO  Company (CompanyNum,CompanyTypeID,CompanyName,Contact,ContactPhone) VALUES ( 1284,2,N'用户自建 宏建电力',N'黄志安',N'13582334278');
INSERT INTO  Company (CompanyNum,CompanyTypeID,CompanyName,ContactPhone) VALUES ( 1286,2,N'外线 思凯 孙海波',N'13785197002');
INSERT INTO  Company (CompanyNum,CompanyTypeID,CompanyName,ContactPhone) VALUES ( 1287,2,N'内线 用户自建 宏建 于建波',N'13315129293');
INSERT INTO  Company (CompanyNum,CompanyTypeID,CompanyName,Contact,ContactPhone) VALUES ( 1289,2,N'中铁电气化局',N'孙国鹏',N'18513149359');
INSERT INTO  Company (CompanyNum,CompanyTypeID,CompanyName) VALUES ( 1291,2,N'供用电  刘彦召 18631103615');
INSERT INTO  Company (CompanyNum,CompanyTypeID,CompanyName) VALUES ( 1292,2,N'供用电  刘彦召 18631103615');
INSERT INTO  Company (CompanyNum,CompanyTypeID,CompanyName,Contact) VALUES ( 1293,2,N'石家庄中邦电力安装公司',N'王季伟 18032288038');
INSERT INTO  Company (CompanyNum,CompanyTypeID,CompanyName,Contact,ContactPhone) VALUES ( 1294,2,N'鹏远',N'孙冬云',N'13011599042');
INSERT INTO  Company (CompanyNum,CompanyTypeID,CompanyName,Contact) VALUES ( 1295,2,N'双凤电力安装公司',N'董新友');
INSERT INTO  Company (CompanyNum,CompanyTypeID,CompanyName) VALUES ( 1296,2,N'旧设备');
INSERT INTO  Company (CompanyNum,CompanyTypeID,CompanyName,ContactPhone) VALUES ( 1299,2,N'河北绿美艺建筑公司   苗俊强',N'13315129722');
INSERT INTO  Company (CompanyNum,CompanyTypeID,CompanyName,Contact,ContactPhone) VALUES ( 1300,2,N'内线 用户自建  河北中创安装有限公司',N'赵占峰',N'15100168066');
INSERT INTO  Company (CompanyNum,CompanyTypeID,CompanyName,Contact,ContactPhone) VALUES ( 1059,2,N'建设投资控股集团有限公司',N'郑立彪',N'18003319777');
INSERT INTO  Company (CompanyNum,CompanyTypeID,CompanyName) VALUES ( 1116,2,N'劳服');
INSERT INTO  Company (CompanyNum,CompanyTypeID,CompanyName,Contact,ContactPhone) VALUES ( 1119,2,N'东丽房地产',N'王建军',N'13930405030');
INSERT INTO  Company (CompanyNum,CompanyTypeID,CompanyName) VALUES ( 1194,2,N'盛邦房地产');
INSERT INTO  Company (CompanyNum,CompanyTypeID,CompanyName,ContactPhone) VALUES ( 1303,2,N'省电建二公司  王利国',N'15081891809');
INSERT INTO  Company (CompanyNum,CompanyTypeID,CompanyName) VALUES ( 1304,2,N'思凯  王滨  张庆昌');
INSERT INTO  Company (CompanyNum,CompanyTypeID,CompanyName,Contact,ContactPhone) VALUES ( 1305,2,N'用户自建 军恒建设公司',N'李金龙',N'18831155055');
INSERT INTO  Company (CompanyNum,CompanyTypeID,CompanyName,Contact,ContactPhone) VALUES ( 1306,2,N'华航电力',N'李齐华',N'13315103532');
INSERT INTO  Company (CompanyNum,CompanyTypeID,CompanyName,Contact,ContactPhone) VALUES ( 1307,2,N'华航电力',N'李齐华',N'13315103532');
INSERT INTO  Company (CompanyNum,CompanyTypeID,CompanyName) VALUES ( 1308,2,N'恒通达  贺江 13315129837');
INSERT INTO  Company (CompanyNum,CompanyTypeID,CompanyName,CompanyTelephone,ContactPhone) VALUES ( 1309,2,N'供用电 郭利伟  王建武',N'13363886067',N'13315126702');
INSERT INTO  Company (CompanyNum,CompanyTypeID,CompanyName,Contact,ContactPhone) VALUES ( 1310,2,N'用户自建  河北舜石',N'齐立波',N'13933889361');
INSERT INTO  Company (CompanyNum,CompanyTypeID,CompanyName,ContactPhone) VALUES ( 1312,2,N'用户自建 市一建  沙枫',N'15831962383');
INSERT INTO  Company (CompanyNum,CompanyTypeID,CompanyName,ContactPhone) VALUES ( 1313,2,N'用户自建  中京化建  杜海静',N'18633072698');
INSERT INTO  Company (CompanyNum,CompanyTypeID,CompanyName,Contact,ContactPhone) VALUES ( 1315,2,N'用户自建；维创电力',N'董建强',N'13363887730');
INSERT INTO  Company (CompanyNum,CompanyTypeID,CompanyName,CompanyAddr,Contact,ContactPhone) VALUES ( 1317,2,N'石家庄勒泰物业服务有限公司',N'王子华：13931159168',N'史小林',N'15230856944');
INSERT INTO  Company (CompanyNum,CompanyTypeID,CompanyName,Contact) VALUES ( 1323,2,N'河北东明国际家居博览有限公司',N'刘建军');
INSERT INTO  Company (CompanyNum,CompanyTypeID,CompanyName) VALUES ( 1325,2,N'用户自建  刘 18903211691');
INSERT INTO  Company (CompanyNum,CompanyTypeID,CompanyName) VALUES ( 1327,2,N'建翔  李凯伦 13315129027');
INSERT INTO  Company (CompanyNum,CompanyTypeID,CompanyName) VALUES ( 1328,2,N'用户自建  李翠虎 15230850868');
INSERT INTO  Company (CompanyNum,CompanyTypeID,CompanyName) VALUES ( 1329,2,N'用户自建 瑞宝电力 温玉鹏 13363883800');
INSERT INTO  Company (CompanyNum,CompanyTypeID,CompanyName) VALUES ( 1330,2,N'用户自建 余建波  刘增军  13315129296');
INSERT INTO  Company (CompanyNum,CompanyTypeID,CompanyName) VALUES ( 1333,2,N'慧光建筑');
INSERT INTO  Company (CompanyNum,CompanyTypeID,CompanyName,Contact) VALUES ( 1334,2,N'双凤电力安装公司',N'董新友');
INSERT INTO  Company (CompanyNum,CompanyTypeID,CompanyName,Contact) VALUES ( 1335,2,N'思凯电力安装公司',N'苏维春');
INSERT INTO  Company (CompanyNum,CompanyTypeID,CompanyName,Contact,ContactPhone) VALUES ( 1337,2,N'石家庄建工集团',N'王会贤',N'13363116865');
INSERT INTO  Company (CompanyNum,CompanyTypeID,CompanyName,Contact,ContactPhone) VALUES ( 1338,2,N'石家庄建工集团',N'王会贤',N'13363116865');
INSERT INTO  Company (CompanyNum,CompanyTypeID,CompanyName,Contact,ContactPhone) VALUES ( 1340,2,N'省电建二公司',N'王立国',N'15087891809');
INSERT INTO  Company (CompanyNum,CompanyTypeID,CompanyName) VALUES ( 1341,2,N'石家庄市文化广电出版局');
INSERT INTO  Company (CompanyNum,CompanyTypeID,CompanyName,Contact) VALUES ( 1342,2,N'建翔电力安装公司',N'王劲波');
INSERT INTO  Company (CompanyNum,CompanyTypeID,CompanyName,Contact) VALUES ( 1343,2,N'思凯建筑公司',N'邢建虎');
INSERT INTO  Company (CompanyNum,CompanyTypeID,CompanyName) VALUES ( 1344,2,N'未接收设备');
INSERT INTO  Company (CompanyNum,CompanyTypeID,CompanyName,Contact,ContactPhone) VALUES ( 1345,2,N'思凯电力建设有限公司',N'梁鹏云',N'13363886172');
INSERT INTO  Company (CompanyNum,CompanyTypeID,CompanyName,Contact,ContactPhone) VALUES ( 1350,2,N'石市市政建设总公司',N'王明亮',N'13032655186');
INSERT INTO  Company (CompanyNum,CompanyTypeID,CompanyName) VALUES ( 1351,2,N'用户自建 恒通达 张学 13363885272');
INSERT INTO  Company (CompanyNum,CompanyTypeID,CompanyName,Contact,ContactPhone) VALUES ( 1352,2,N'白宏',N'梁立伟',N'18032050999');
INSERT INTO  Company (CompanyNum,CompanyTypeID,CompanyName,Contact,ContactPhone) VALUES ( 1354,2,N'中铁十四局',N'陈惠波',N'13333015551');
INSERT INTO  Company (CompanyNum,CompanyTypeID,CompanyName,Contact,ContactPhone) VALUES ( 1355,2,N'建翔',N'陈安民',N'13363886886');
INSERT INTO  Company (CompanyNum,CompanyTypeID,CompanyName) VALUES ( 1356,2,N'地铁  18032133010');
INSERT INTO  Company (CompanyNum,CompanyTypeID,CompanyName) VALUES ( 1357,2,N'地铁 张庆昌 13315129970');
INSERT INTO  Company (CompanyNum,CompanyTypeID,CompanyName) VALUES ( 1358,2,N'梁凤君  思凯');
INSERT INTO  Company (CompanyNum,CompanyTypeID,CompanyName,CompanyAddr,Contact,ContactPhone) VALUES ( 1359,2,N'石家庄瀚隆房地产有限公司',N'赵永江：13363887010；刘杰：13831166771',N'赵永华',N'15832119750');
INSERT INTO  Company (CompanyNum,CompanyTypeID,CompanyName,Contact,ContactPhone) VALUES ( 1360,2,N'荣泰房地产',N'曹立丰',N'18931125026');
INSERT INTO  Company (CompanyNum,CompanyTypeID,CompanyName) VALUES ( 1363,2,N'用户自建  黄13582334298');
INSERT INTO  Company (CompanyNum,CompanyTypeID,CompanyName) VALUES ( 1365,2,N'外线 思凯 张志华13315129963 内线 用户 陈爱兵 18631166681');
INSERT INTO  Company (CompanyNum,CompanyTypeID,CompanyName) VALUES ( 1367,2,N'用户自建 马蒙 15373802333');
INSERT INTO  Company (CompanyNum,CompanyTypeID,CompanyName) VALUES ( 1368,2,N'用户自建 （利达水电） 赵永江 13363887010');
INSERT INTO  Company (CompanyNum,CompanyTypeID,CompanyName,Contact,ContactPhone) VALUES ( 1369,2,N'瀚科房地产开发有限公司',N'郭立伟',N'13363886488');
INSERT INTO  Company (CompanyNum,CompanyTypeID,CompanyName) VALUES ( 1371,2,N'思凯：1-3#张小会18031155816    4#至13#苏维春13363888908');
INSERT INTO  Company (CompanyNum,CompanyTypeID,CompanyName) VALUES ( 1374,2,N'用户自建，苏维春，用户自建，马蒙：15373802333，用户自建 海华电力 李宪磊18903216606');
INSERT INTO  Company (CompanyNum,CompanyTypeID,CompanyName,Contact,ContactPhone) VALUES ( 1375,2,N'军恒建设',N'李金龙',N'18831155055');
INSERT INTO  Company (CompanyNum,CompanyTypeID,CompanyName,Contact) VALUES ( 1378,2,N'石家庄动物卫生监督所',N'李吉波');
INSERT INTO  Company (CompanyNum,CompanyTypeID,CompanyName,Contact,ContactPhone) VALUES ( 1381,2,N'中恒宏誉房地产开发有限公司',N'崔立朋',N'15175785081');
INSERT INTO  Company (CompanyNum,CompanyTypeID,CompanyName,Contact,ContactPhone) VALUES ( 1384,2,N'石家庄天州房地产开发有限公司',N'安少锋',N'13315198229');
INSERT INTO  Company (CompanyNum,CompanyTypeID,CompanyName,Contact,ContactPhone) VALUES ( 1386,2,N'鹏宇电力',N'李存涛',N'15373056933');
INSERT INTO  Company (CompanyNum,CompanyTypeID,CompanyName,Contact) VALUES ( 1106,2,N'石家庄建设集团',N'董军芳');
INSERT INTO  Company (CompanyNum,CompanyTypeID,CompanyName,Contact,ContactPhone) VALUES ( 1107,2,N'强力电力安装公司',N'张沛',N'13363881023');
INSERT INTO  Company (CompanyNum,CompanyTypeID,CompanyName,Contact,ContactPhone) VALUES ( 1110,2,N'宏建电力',N'刘增辉、刘兴旺',N'13315129287');
INSERT INTO  Company (CompanyNum,CompanyTypeID,CompanyName,Contact) VALUES ( 1130,2,N'石家庄中煤装备制造股份有限公司',N'张振林');
INSERT INTO  Company (CompanyNum,CompanyTypeID,CompanyName,Contact) VALUES ( 1131,2,N'河北东丽房地产',N'刑建虎');
INSERT INTO  Company (CompanyNum,CompanyTypeID,CompanyName,Contact,ContactPhone) VALUES ( 1133,2,N'用户自建',N'苏维春',N'13363885909');
INSERT INTO  Company (CompanyNum,CompanyTypeID,CompanyName,Contact,ContactPhone) VALUES ( 1134,2,N'配电运检室，万达',N'孙彬',N'15350535317');
INSERT INTO  Company (CompanyNum,CompanyTypeID,CompanyName,Contact,ContactPhone) VALUES ( 1135,2,N'用户自建，张杰：18003319002',N'张杰',N'18003319002');
INSERT INTO  Company (CompanyNum,CompanyTypeID,CompanyName,Contact) VALUES ( 1136,2,N'用户自建：森田、姚奇',N'森田、姚奇');
INSERT INTO  Company (CompanyNum,CompanyTypeID,CompanyName,Contact,ContactPhone) VALUES ( 1137,2,N'用户自建，杰诚',N'安少峰',N'13313198229');
INSERT INTO  Company (CompanyNum,CompanyTypeID,CompanyName,Memo) VALUES ( 1139,2,N'用户自建（京鑫）：朱军齐13931115699；鹏远：包志慧18932939139',N'3#井至配电室，朱军齐：13931115699大郭支路西（秀河二期）1#井至3#井，包志慧：18932939139。');
INSERT INTO  Company (CompanyNum,CompanyTypeID,CompanyName) VALUES ( 1140,2,N'王宏伟');
INSERT INTO  Company (CompanyNum,CompanyTypeID,CompanyName) VALUES ( 1141,1,N'陈立敏');
INSERT INTO  Company (CompanyNum,CompanyTypeID,CompanyName,Contact,Memo) VALUES ( 1146,2,N'排管：供用电；桥架：用户自建，石市宏达电业安装',N'排管：钮新全、孙名云桥架：李新东',N'孙名云：13011599042李新东：13903318051');
INSERT INTO  Company (CompanyNum,CompanyTypeID,CompanyName,Contact,ContactPhone) VALUES ( 1149,2,N'用户自建：杰诚',N'翟志飞',N'13303236791');
INSERT INTO  Company (CompanyNum,CompanyTypeID,CompanyName,Contact,ContactPhone) VALUES ( 1150,2,N'万达电力',N'苏维春',N'13363888909');
INSERT INTO  Company (CompanyNum,CompanyTypeID,CompanyName,Contact,ContactPhone) VALUES ( 1151,2,N'用户自建：森田电子',N'姚奇',N'13315122312');
INSERT INTO  Company (CompanyNum,CompanyTypeID,CompanyName) VALUES ( 1154,2,N'思凯');
INSERT INTO  Company (CompanyNum,CompanyTypeID,CompanyName) VALUES ( 1155,2,N'建翔队');
INSERT INTO  Company (CompanyNum,CompanyTypeID,CompanyName,Contact,ContactPhone) VALUES ( 1156,2,N'石家庄市安居房地产开发有限责任公司',N'杜海静',N'18633072698');
INSERT INTO  Company (CompanyNum,CompanyTypeID,CompanyName) VALUES ( 1157,2,N'邢建虎');
INSERT INTO  Company (CompanyNum,CompanyTypeID,CompanyName,Contact,ContactPhone) VALUES ( 1158,2,N'用户自建：夏宏涛',N'夏宏涛',N'13363883677');
INSERT INTO  Company (CompanyNum,CompanyTypeID,CompanyName,Contact,ContactPhone) VALUES ( 1159,2,N'用户自建：杰诚电力',N'霍志飞',N'13303236791');
INSERT INTO  Company (CompanyNum,CompanyTypeID,CompanyName,Contact) VALUES ( 1161,2,N'用户自建:强力',N'杨遥');
INSERT INTO  Company (CompanyNum,CompanyTypeID,CompanyName,Contact,ContactPhone) VALUES ( 1171,2,N'海华电力公司',N'唐文静',N'13363885220');
INSERT INTO  Company (CompanyNum,CompanyTypeID,CompanyName,Contact,ContactPhone) VALUES ( 1179,2,N'恒通达',N'张学',N'13363885272');
INSERT INTO  Company (CompanyNum,CompanyTypeID,CompanyName) VALUES ( 1188,2,N'思凯建筑公司');
INSERT INTO  Company (CompanyNum,CompanyTypeID,CompanyName) VALUES ( 1191,2,N'河北久天开发有限公司');
INSERT INTO  Company (CompanyNum,CompanyTypeID,CompanyName,Contact,ContactPhone) VALUES ( 1192,2,N'三江电力公司',N'张军',N'18931181912');
INSERT INTO  Company (CompanyNum,CompanyTypeID,CompanyName,Contact) VALUES ( 1224,2,N'河北置业房地产',N'苏玉楼');
INSERT INTO  Company (CompanyNum,CompanyTypeID,CompanyName,Contact,ContactPhone) VALUES ( 1227,2,N'用户自建   舜石',N'刘洪岩',N'18633936886');
INSERT INTO  Company (CompanyNum,CompanyTypeID,CompanyName,CompanyTelephone) VALUES ( 1244,2,N'鹏远  王利田',N'13315129620');
INSERT INTO  Company (CompanyNum,CompanyTypeID,CompanyName,ContactPhone) VALUES ( 1260,2,N'用户自建 永昌 赵懂',N'13363883031');
INSERT INTO  Company (CompanyNum,CompanyTypeID,CompanyName,Contact,ContactPhone) VALUES ( 1265,2,N'用户自建 一成电气',N'冯文新',N'13731171608');
INSERT INTO  Company (CompanyNum,CompanyTypeID,CompanyName,ContactPhone) VALUES ( 1273,2,N'河北凯舟  赵永江',N'13933080675');
INSERT INTO  Company (CompanyNum,CompanyTypeID,CompanyName,Contact) VALUES ( 1279,2,N'邢台华电',N'邢晨光');
INSERT INTO  Company (CompanyNum,CompanyTypeID,CompanyName) VALUES ( 1280,2,N'老旧设备');
INSERT INTO  Company (CompanyNum,CompanyTypeID,CompanyName,ContactPhone) VALUES ( 1288,2,N'卓恒建筑公司  王立国',N'13091026883');
INSERT INTO  Company (CompanyNum,CompanyTypeID,CompanyName) VALUES ( 1290,2,N'城投 朱志军 13303011581');
INSERT INTO  Company (CompanyNum,CompanyTypeID,CompanyName,Contact,ContactPhone) VALUES ( 1132,2,N'供用电',N'王建武、张沛沛',N'13363881023');
INSERT INTO  Company (CompanyNum,CompanyTypeID,CompanyName,Contact,ContactPhone) VALUES ( 1145,2,N'用户自建：海华电力',N'朱志军',N'13303011581');
INSERT INTO  Company (CompanyNum,CompanyTypeID,CompanyName,Contact) VALUES ( 1147,2,N'桥东分局',N'陈朝辉');
INSERT INTO  Company (CompanyNum,CompanyTypeID,CompanyName,Contact,ContactPhone) VALUES ( 1148,2,N'兴达队',N'段宏伟',N'13315199681');
INSERT INTO  Company (CompanyNum,CompanyTypeID,CompanyName,Contact,ContactPhone,Memo) VALUES ( 1318,2,N'配电工区',N'周立亭，刘伟刚',N'13363886796',N'所留电话为刘');
INSERT INTO  Company (CompanyNum,CompanyTypeID,CompanyName) VALUES ( 1319,2,N'河北保利房地产开发有限公司');
INSERT INTO  Company (CompanyNum,CompanyTypeID,CompanyName,Contact,ContactPhone) VALUES ( 1320,2,N'河北同地信电力工程公司',N'王红光',N'18631159510');
INSERT INTO  Company (CompanyNum,CompanyTypeID,CompanyName,Contact,ContactPhone) VALUES ( 1322,2,N'河北中申房地产开发有限公司',N'马荣',N'15373802333');
INSERT INTO  Company (CompanyNum,CompanyTypeID,CompanyName,Contact,ContactPhone) VALUES ( 1336,2,N'鹏远',N'王成林',N'18931899362');
INSERT INTO  Company (CompanyNum,CompanyTypeID,CompanyName) VALUES ( 1361,2,N'用户自建 利达 魏天亮13315129273');
INSERT INTO  Company (CompanyNum,CompanyTypeID,CompanyName) VALUES ( 1366,2,N'用户自建  马蒙  15373802333');
INSERT INTO  Company (CompanyNum,CompanyTypeID,CompanyName,Contact,ContactPhone) VALUES ( 1195,2,N'广电',N'温玉鹏',N'13363860109');
INSERT INTO  Company (CompanyNum,CompanyTypeID,CompanyName,Contact,ContactPhone) VALUES ( 1204,2,N'河北众美房地产开发集团有限公司',N'梁彦伟',N'18032050999');
INSERT INTO  Company (CompanyNum,CompanyTypeID,CompanyName,Contact,ContactPhone) VALUES ( 1206,2,N'赵卜口社区居民委员会',N'马朋跃',N'18731118877');
INSERT INTO  Company (CompanyNum,CompanyTypeID,CompanyName,Contact,ContactPhone) VALUES ( 1207,2,N'地铁',N'刘建军',N'13930405030');
INSERT INTO  Company (CompanyNum,CompanyTypeID,CompanyName) VALUES ( 1211,2,N'凌透村居民委员会');
INSERT INTO  Company (CompanyNum,CompanyTypeID,CompanyName,Contact) VALUES ( 1212,2,N'河南一建集团',N'梁海燕');
INSERT INTO  Company (CompanyNum,CompanyTypeID,CompanyName) VALUES ( 1213,2,N'雪龙冷食制品厂');
INSERT INTO  Company (CompanyNum,CompanyTypeID,CompanyName) VALUES ( 1214,2,N'兆红电力');
INSERT INTO  Company (CompanyNum,CompanyTypeID,CompanyName,Contact,ContactPhone) VALUES ( 1226,2,N'供用电  兆红电力',N'刘建立',N'13932184445');
INSERT INTO  Company (CompanyNum,CompanyTypeID,CompanyName,Contact) VALUES ( 1230,2,N'石家庄四药有限公司',N'邢');
INSERT INTO  Company (CompanyNum,CompanyTypeID,CompanyName) VALUES ( 1231,2,N'中国联合网络通信有限公司');
INSERT INTO  Company (CompanyNum,CompanyTypeID,CompanyName,Contact,ContactPhone) VALUES ( 1232,2,N'强力电力安装公司',N'王立永',N'13363881150');
INSERT INTO  Company (CompanyNum,CompanyTypeID,CompanyName,Contact) VALUES ( 1234,2,N'思凯建筑公司',N'王斌');
INSERT INTO  Company (CompanyNum,CompanyTypeID,CompanyName,Contact,ContactPhone) VALUES ( 1238,2,N'供用电一分公司',N'王建军',N'13363886039');
INSERT INTO  Company (CompanyNum,CompanyTypeID,CompanyName,Contact,ContactPhone) VALUES ( 1239,2,N'卓恒电器',N'王立国',N'15081891809');
INSERT INTO  Company (CompanyNum,CompanyTypeID,CompanyName,Contact,ContactPhone) VALUES ( 1246,2,N'茂恒电力',N'李吉波',N'18003319011');
INSERT INTO  Company (CompanyNum,CompanyTypeID,CompanyName) VALUES ( 1248,2,N'送变电');
INSERT INTO  Company (CompanyNum,CompanyTypeID,CompanyName,ContactPhone) VALUES ( 1255,2,N'慧光电力 王立增',N'13315127352');
INSERT INTO  Company (CompanyNum,CompanyTypeID,CompanyName,ContactPhone) VALUES ( 1257,2,N'赵永江',N'13933080675');
INSERT INTO  Company (CompanyNum,CompanyTypeID,CompanyName,ContactPhone) VALUES ( 1258,2,N'鹏远 许一丁',N'13703391888');
INSERT INTO  Company (CompanyNum,CompanyTypeID,CompanyName,Contact,ContactPhone) VALUES ( 1259,2,N'用户自建 华航电力工程有限公司',N'李彦华',N'13315013532');
INSERT INTO  Company (CompanyNum,CompanyTypeID,CompanyName,Contact,ContactPhone) VALUES ( 1267,2,N'用户自建  建翔',N'张庆杰',N'13363889302');
INSERT INTO  Company (CompanyNum,CompanyTypeID,CompanyName) VALUES ( 1274,2,N'思凯  梁凤军');
INSERT INTO  Company (CompanyNum,CompanyTypeID,CompanyName,Contact) VALUES ( 1276,2,N'思凯建筑公司',N'王斌');
INSERT INTO  Company (CompanyNum,CompanyTypeID,CompanyName,Contact) VALUES ( 1277,2,N'同地信电力工程公司',N'邢建虎');
INSERT INTO  Company (CompanyNum,CompanyTypeID,CompanyName,Contact) VALUES ( 1285,2,N'宏建公司',N'于剑波');
INSERT INTO  Company (CompanyNum,CompanyTypeID,CompanyName,ContactPhone) VALUES ( 1297,2,N'用户自建  刘建军',N'13930405030');
INSERT INTO  Company (CompanyNum,CompanyTypeID,CompanyName,ContactPhone) VALUES ( 1298,2,N'用户自建 陈生军',N'13393116675');
INSERT INTO  Company (CompanyNum,CompanyTypeID,CompanyName,ContactPhone) VALUES ( 1302,2,N'用户自建（华丰）陈明明',N'18931865557');
INSERT INTO  Company (CompanyNum,CompanyTypeID,CompanyName,ContactPhone) VALUES ( 1311,2,N'供用电  茂鸿电力 李吉波',N'18003319011');
INSERT INTO  Company (CompanyNum,CompanyTypeID,CompanyName,ContactPhone) VALUES ( 1324,2,N'供用电   白立党',N'13315129281');
INSERT INTO  Company (CompanyNum,CompanyTypeID,CompanyName) VALUES ( 1332,2,N'鹏远（石家庄建设集团）董慧凯 13582324237');
INSERT INTO  Company (CompanyNum,CompanyTypeID,CompanyName) VALUES ( 1385,2,N'用户自建  杰诚  魏立鹏  1330303215');
INSERT INTO  Company (CompanyNum,CompanyTypeID,CompanyName,Contact,ContactPhone) VALUES ( 1217,2,N'河北同地信市政工程',N'王红光',N'18631159510');
INSERT INTO  Company (CompanyNum,CompanyTypeID,CompanyName,Contact,ContactPhone) VALUES ( 1314,2,N'卓恒;用户自建',N'王立国',N'13091026883');
INSERT INTO  Company (CompanyNum,CompanyTypeID,CompanyName,Contact,ContactPhone) VALUES ( 1316,2,N'维创电力',N'魏宁',N'15833989621');
INSERT INTO  Company (CompanyNum,CompanyTypeID,CompanyName,CompanyAddr,Contact) VALUES ( 1321,2,N'配电工区',N'刘伟刚：13363886796',N'周立亭');
INSERT INTO  Company (CompanyNum,CompanyTypeID,CompanyName) VALUES ( 1326,2,N'劳服  鲍志慧  18932939139');
INSERT INTO  Company (CompanyNum,CompanyTypeID,CompanyName,Contact,ContactPhone) VALUES ( 1339,2,N'双凤电力安装公司',N'董新友',N'13363885259');
INSERT INTO  Company (CompanyNum,CompanyTypeID,CompanyName) VALUES ( 1346,2,N'1#-6#思凯，7#-桥架用户自建杨晓飞13363881173');
INSERT INTO  Company (CompanyNum,CompanyTypeID,CompanyName,Contact) VALUES ( 1347,2,N'思凯建筑公司',N'王斌');
INSERT INTO  Company (CompanyNum,CompanyTypeID,CompanyName,Contact) VALUES ( 1348,2,N'同地信公司',N'邢建虎');
INSERT INTO  Company (CompanyNum,CompanyTypeID,CompanyName,Contact,ContactPhone) VALUES ( 1349,2,N'河北巨鑫房地产公司',N'梁传动',N'15931197253');
INSERT INTO  Company (CompanyNum,CompanyTypeID,CompanyName) VALUES ( 1353,2,N'供用电 赵小军 刘建军 13930405030');
INSERT INTO  Company (CompanyNum,CompanyTypeID,CompanyName) VALUES ( 1362,2,N'思凯  梁鹏云');
INSERT INTO  Company (CompanyNum,CompanyTypeID,CompanyName,Contact,ContactPhone) VALUES ( 1364,2,N'创维电力',N'董建强',N'13363887730');
INSERT INTO  Company (CompanyNum,CompanyTypeID,CompanyName) VALUES ( 1370,2,N'用户自建 邢台华电 王纪伟 13831139887');
INSERT INTO  Company (CompanyNum,CompanyTypeID,CompanyName,Contact,ContactPhone) VALUES ( 1372,2,N'用户自建；建翔',N'王宪军、赵永江',N'13363882628');
INSERT INTO  Company (CompanyNum,CompanyTypeID,CompanyName,Contact,ContactPhone) VALUES ( 1373,2,N'军恒建设',N'李金龙',N'18831155055');
INSERT INTO  Company (CompanyNum,CompanyTypeID,CompanyName) VALUES ( 1376,2,N'石家庄红旗锅炉容器有限公司');
INSERT INTO  Company (CompanyNum,CompanyTypeID,CompanyName,CompanyAddr,Contact,ContactPhone) VALUES ( 1377,2,N'同地信',N'李会敏',N'杨云哲',N'18031444233');
INSERT INTO  Company (CompanyNum,CompanyTypeID,CompanyName,Contact,ContactPhone) VALUES ( 1379,2,N'河北远东电力设施有限公司',N'马朋跃',N'18731118877');
INSERT INTO  Company (CompanyNum,CompanyTypeID,CompanyName,Contact,ContactPhone) VALUES ( 1380,2,N'河北省体育馆',N'杜海江',N'13315198316');
INSERT INTO  Company (CompanyNum,CompanyTypeID,CompanyName) VALUES ( 1382,2,N'鹏远');
INSERT INTO  Company (CompanyNum,CompanyTypeID,CompanyName,Contact,ContactPhone) VALUES ( 1383,2,N'杰诚电力安装公司',N'安少锋',N'13315198229');
INSERT INTO  Company (CompanyNum,CompanyTypeID,CompanyName) VALUES ( 1387,2,N'思凯');
INSERT INTO  Company (CompanyNum,CompanyTypeID,CompanyName,ContactPhone) VALUES ( 1301,2,N'万达  王天龙',N'13363881325');
INSERT INTO  Company (CompanyNum,CompanyTypeID,CompanyName) VALUES ( 1331,2,N'万达电力，马蒙');
